"",Unassigned;__;__;__;__;__,k__Archaea;p__Euryarchaeota;c__Methanobacteria;o__Methanobacteriales;f__Methanobacteriaceae;g__Methanobrevibacter,k__Archaea;p__Euryarchaeota;c__Methanobacteria;o__Methanobacteriales;f__Methanobacteriaceae;g__Methanosphaera,k__Archaea;p__Euryarchaeota;c__Thermoplasmata;o__E2;f__[Methanomassiliicoccaceae];g__Methanomassiliicoccus,k__Archaea;p__Euryarchaeota;c__Thermoplasmata;o__E2;f__[Methanomassiliicoccaceae];g__vadinCA11,k__Bacteria;__;__;__;__;__,k__Bacteria;p__;c__;o__;f__;g__,k__Bacteria;p__Actinobacteria;c__Actinobacteria;o__Actinomycetales;f__Actinomycetaceae;g__Actinomyces,k__Bacteria;p__Actinobacteria;c__Actinobacteria;o__Actinomycetales;f__Actinomycetaceae;g__Arcanobacterium,k__Bacteria;p__Actinobacteria;c__Actinobacteria;o__Actinomycetales;f__Actinomycetaceae;g__Mobiluncus,k__Bacteria;p__Actinobacteria;c__Actinobacteria;o__Actinomycetales;f__Corynebacteriaceae;g__Corynebacterium,k__Bacteria;p__Actinobacteria;c__Actinobacteria;o__Actinomycetales;f__Micrococcaceae;g__Rothia,k__Bacteria;p__Actinobacteria;c__Actinobacteria;o__Actinomycetales;f__Propionibacteriaceae;g__,k__Bacteria;p__Actinobacteria;c__Actinobacteria;o__Actinomycetales;f__Propionibacteriaceae;g__Propionibacterium,k__Bacteria;p__Actinobacteria;c__Actinobacteria;o__Bifidobacteriales;f__Bifidobacteriaceae;g__Bifidobacterium,k__Bacteria;p__Actinobacteria;c__Actinobacteria;o__Bifidobacteriales;f__Bifidobacteriaceae;g__Gardnerella,k__Bacteria;p__Actinobacteria;c__Actinobacteria;o__Bifidobacteriales;f__Bifidobacteriaceae;g__Scardovia,k__Bacteria;p__Actinobacteria;c__Coriobacteriia;o__Coriobacteriales;f__Coriobacteriaceae;__,k__Bacteria;p__Actinobacteria;c__Coriobacteriia;o__Coriobacteriales;f__Coriobacteriaceae;g__,k__Bacteria;p__Actinobacteria;c__Coriobacteriia;o__Coriobacteriales;f__Coriobacteriaceae;g__Adlercreutzia,k__Bacteria;p__Actinobacteria;c__Coriobacteriia;o__Coriobacteriales;f__Coriobacteriaceae;g__Atopobium,k__Bacteria;p__Actinobacteria;c__Coriobacteriia;o__Coriobacteriales;f__Coriobacteriaceae;g__Collinsella,k__Bacteria;p__Actinobacteria;c__Coriobacteriia;o__Coriobacteriales;f__Coriobacteriaceae;g__Eggerthella,k__Bacteria;p__Actinobacteria;c__Coriobacteriia;o__Coriobacteriales;f__Coriobacteriaceae;g__Enterococcus,k__Bacteria;p__Actinobacteria;c__Coriobacteriia;o__Coriobacteriales;f__Coriobacteriaceae;g__Slackia,k__Bacteria;p__Bacteroidetes;__;__;__;__,k__Bacteria;p__Bacteroidetes;c__Bacteroidia;o__Bacteroidales;__;__,k__Bacteria;p__Bacteroidetes;c__Bacteroidia;o__Bacteroidales;f__;g__,k__Bacteria;p__Bacteroidetes;c__Bacteroidia;o__Bacteroidales;f__Bacteroidaceae;__,k__Bacteria;p__Bacteroidetes;c__Bacteroidia;o__Bacteroidales;f__Bacteroidaceae;g__Bacteroides,k__Bacteria;p__Bacteroidetes;c__Bacteroidia;o__Bacteroidales;f__Porphyromonadaceae;__,k__Bacteria;p__Bacteroidetes;c__Bacteroidia;o__Bacteroidales;f__Porphyromonadaceae;g__Paludibacter,k__Bacteria;p__Bacteroidetes;c__Bacteroidia;o__Bacteroidales;f__Porphyromonadaceae;g__Parabacteroides,k__Bacteria;p__Bacteroidetes;c__Bacteroidia;o__Bacteroidales;f__Porphyromonadaceae;g__Porphyromonas,k__Bacteria;p__Bacteroidetes;c__Bacteroidia;o__Bacteroidales;f__Porphyromonadaceae;g__Tannerella,k__Bacteria;p__Bacteroidetes;c__Bacteroidia;o__Bacteroidales;f__Prevotellaceae;g__,k__Bacteria;p__Bacteroidetes;c__Bacteroidia;o__Bacteroidales;f__Prevotellaceae;g__Prevotella,k__Bacteria;p__Bacteroidetes;c__Bacteroidia;o__Bacteroidales;f__Rikenellaceae;__,k__Bacteria;p__Bacteroidetes;c__Bacteroidia;o__Bacteroidales;f__Rikenellaceae;g__,k__Bacteria;p__Bacteroidetes;c__Bacteroidia;o__Bacteroidales;f__Rikenellaceae;g__AF12,k__Bacteria;p__Bacteroidetes;c__Bacteroidia;o__Bacteroidales;f__Rikenellaceae;g__Alistipes,k__Bacteria;p__Bacteroidetes;c__Bacteroidia;o__Bacteroidales;f__S24-7;g__,k__Bacteria;p__Bacteroidetes;c__Bacteroidia;o__Bacteroidales;f__[Barnesiellaceae];__,k__Bacteria;p__Bacteroidetes;c__Bacteroidia;o__Bacteroidales;f__[Barnesiellaceae];g__,k__Bacteria;p__Bacteroidetes;c__Bacteroidia;o__Bacteroidales;f__[Odoribacteraceae];g__Butyricimonas,k__Bacteria;p__Bacteroidetes;c__Bacteroidia;o__Bacteroidales;f__[Odoribacteraceae];g__Odoribacter,k__Bacteria;p__Bacteroidetes;c__Bacteroidia;o__Bacteroidales;f__[Paraprevotellaceae];g__,k__Bacteria;p__Bacteroidetes;c__Bacteroidia;o__Bacteroidales;f__[Paraprevotellaceae];g__CF231,k__Bacteria;p__Bacteroidetes;c__Bacteroidia;o__Bacteroidales;f__[Paraprevotellaceae];g__Paraprevotella,k__Bacteria;p__Bacteroidetes;c__Bacteroidia;o__Bacteroidales;f__[Paraprevotellaceae];g__YRC22,k__Bacteria;p__Bacteroidetes;c__Bacteroidia;o__Bacteroidales;f__[Paraprevotellaceae];g__[Prevotella],k__Bacteria;p__Bacteroidetes;c__Flavobacteriia;o__Flavobacteriales;f__Flavobacteriaceae;g__Capnocytophaga,k__Bacteria;p__Bacteroidetes;c__Flavobacteriia;o__Flavobacteriales;f__[Weeksellaceae];g__,k__Bacteria;p__Bacteroidetes;c__Sphingobacteriia;o__Sphingobacteriales;f__Sphingobacteriaceae;g__Pedobacter,k__Bacteria;p__Cyanobacteria;c__4C0d-2;o__YS2;f__;g__,k__Bacteria;p__Cyanobacteria;c__Chloroplast;o__Streptophyta;f__;g__,k__Bacteria;p__Elusimicrobia;c__Elusimicrobia;o__Elusimicrobiales;f__Elusimicrobiaceae;g__,k__Bacteria;p__Firmicutes;__;__;__;__,k__Bacteria;p__Firmicutes;c__Bacilli;o__Bacillales;__;__,k__Bacteria;p__Firmicutes;c__Bacilli;o__Bacillales;f__Bacillaceae;g__Bacillus,k__Bacteria;p__Firmicutes;c__Bacilli;o__Bacillales;f__Staphylococcaceae;g__Staphylococcus,k__Bacteria;p__Firmicutes;c__Bacilli;o__Gemellales;f__Gemellaceae;__,k__Bacteria;p__Firmicutes;c__Bacilli;o__Gemellales;f__Gemellaceae;g__,k__Bacteria;p__Firmicutes;c__Bacilli;o__Lactobacillales;f__Aerococcaceae;g__Abiotrophia,k__Bacteria;p__Firmicutes;c__Bacilli;o__Lactobacillales;f__Carnobacteriaceae;__,k__Bacteria;p__Firmicutes;c__Bacilli;o__Lactobacillales;f__Enterococcaceae;g__Enterococcus,k__Bacteria;p__Firmicutes;c__Bacilli;o__Lactobacillales;f__Lactobacillaceae;__,k__Bacteria;p__Firmicutes;c__Bacilli;o__Lactobacillales;f__Lactobacillaceae;g__Lactobacillus,k__Bacteria;p__Firmicutes;c__Bacilli;o__Lactobacillales;f__Lactobacillaceae;g__Pediococcus,k__Bacteria;p__Firmicutes;c__Bacilli;o__Lactobacillales;f__Leuconostocaceae;__,k__Bacteria;p__Firmicutes;c__Bacilli;o__Lactobacillales;f__Leuconostocaceae;g__Leuconostoc,k__Bacteria;p__Firmicutes;c__Bacilli;o__Lactobacillales;f__Leuconostocaceae;g__Weissella,k__Bacteria;p__Firmicutes;c__Bacilli;o__Lactobacillales;f__Streptococcaceae;__,k__Bacteria;p__Firmicutes;c__Bacilli;o__Lactobacillales;f__Streptococcaceae;g__Lactococcus,k__Bacteria;p__Firmicutes;c__Bacilli;o__Lactobacillales;f__Streptococcaceae;g__Streptococcus,k__Bacteria;p__Firmicutes;c__Bacilli;o__Turicibacterales;f__Turicibacteraceae;g__Turicibacter,k__Bacteria;p__Firmicutes;c__Clostridia;__;__;__,k__Bacteria;p__Firmicutes;c__Clostridia;o__Clostridiales;__;__,k__Bacteria;p__Firmicutes;c__Clostridia;o__Clostridiales;f__;g__,k__Bacteria;p__Firmicutes;c__Clostridia;o__Clostridiales;f__Christensenellaceae;__,k__Bacteria;p__Firmicutes;c__Clostridia;o__Clostridiales;f__Christensenellaceae;g__,k__Bacteria;p__Firmicutes;c__Clostridia;o__Clostridiales;f__Christensenellaceae;g__Christensenella,k__Bacteria;p__Firmicutes;c__Clostridia;o__Clostridiales;f__Clostridiaceae;__,k__Bacteria;p__Firmicutes;c__Clostridia;o__Clostridiales;f__Clostridiaceae;g__,k__Bacteria;p__Firmicutes;c__Clostridia;o__Clostridiales;f__Clostridiaceae;g__Clostridium,k__Bacteria;p__Firmicutes;c__Clostridia;o__Clostridiales;f__Clostridiaceae;g__SMB53,k__Bacteria;p__Firmicutes;c__Clostridia;o__Clostridiales;f__Dehalobacteriaceae;g__Dehalobacterium,k__Bacteria;p__Firmicutes;c__Clostridia;o__Clostridiales;f__EtOH8;g__,k__Bacteria;p__Firmicutes;c__Clostridia;o__Clostridiales;f__Eubacteriaceae;g__Anaerofustis,k__Bacteria;p__Firmicutes;c__Clostridia;o__Clostridiales;f__Eubacteriaceae;g__Pseudoramibacter_Eubacterium,k__Bacteria;p__Firmicutes;c__Clostridia;o__Clostridiales;f__Lachnospiraceae;__,k__Bacteria;p__Firmicutes;c__Clostridia;o__Clostridiales;f__Lachnospiraceae;g__,k__Bacteria;p__Firmicutes;c__Clostridia;o__Clostridiales;f__Lachnospiraceae;g__Anaerostipes,k__Bacteria;p__Firmicutes;c__Clostridia;o__Clostridiales;f__Lachnospiraceae;g__Blautia,k__Bacteria;p__Firmicutes;c__Clostridia;o__Clostridiales;f__Lachnospiraceae;g__Butyrivibrio,k__Bacteria;p__Firmicutes;c__Clostridia;o__Clostridiales;f__Lachnospiraceae;g__Clostridium,k__Bacteria;p__Firmicutes;c__Clostridia;o__Clostridiales;f__Lachnospiraceae;g__Coprococcus,k__Bacteria;p__Firmicutes;c__Clostridia;o__Clostridiales;f__Lachnospiraceae;g__Dorea,k__Bacteria;p__Firmicutes;c__Clostridia;o__Clostridiales;f__Lachnospiraceae;g__Lachnoanaerobaculum,k__Bacteria;p__Firmicutes;c__Clostridia;o__Clostridiales;f__Lachnospiraceae;g__Lachnobacterium,k__Bacteria;p__Firmicutes;c__Clostridia;o__Clostridiales;f__Lachnospiraceae;g__Lachnospira,k__Bacteria;p__Firmicutes;c__Clostridia;o__Clostridiales;f__Lachnospiraceae;g__Lactonifactor,k__Bacteria;p__Firmicutes;c__Clostridia;o__Clostridiales;f__Lachnospiraceae;g__Marvinbryantia,k__Bacteria;p__Firmicutes;c__Clostridia;o__Clostridiales;f__Lachnospiraceae;g__Moryella,k__Bacteria;p__Firmicutes;c__Clostridia;o__Clostridiales;f__Lachnospiraceae;g__Oribacterium,k__Bacteria;p__Firmicutes;c__Clostridia;o__Clostridiales;f__Lachnospiraceae;g__Roseburia,k__Bacteria;p__Firmicutes;c__Clostridia;o__Clostridiales;f__Lachnospiraceae;g__Shuttleworthia,k__Bacteria;p__Firmicutes;c__Clostridia;o__Clostridiales;f__Lachnospiraceae;g__[Ruminococcus],k__Bacteria;p__Firmicutes;c__Clostridia;o__Clostridiales;f__Peptococcaceae;g__,k__Bacteria;p__Firmicutes;c__Clostridia;o__Clostridiales;f__Peptococcaceae;g__Peptococcus,k__Bacteria;p__Firmicutes;c__Clostridia;o__Clostridiales;f__Peptococcaceae;g__rc4-4,k__Bacteria;p__Firmicutes;c__Clostridia;o__Clostridiales;f__Peptostreptococcaceae;__,k__Bacteria;p__Firmicutes;c__Clostridia;o__Clostridiales;f__Peptostreptococcaceae;g__,k__Bacteria;p__Firmicutes;c__Clostridia;o__Clostridiales;f__Peptostreptococcaceae;g__Peptostreptococcus,k__Bacteria;p__Firmicutes;c__Clostridia;o__Clostridiales;f__Ruminococcaceae;__,k__Bacteria;p__Firmicutes;c__Clostridia;o__Clostridiales;f__Ruminococcaceae;g__,k__Bacteria;p__Firmicutes;c__Clostridia;o__Clostridiales;f__Ruminococcaceae;g__Anaerotruncus,k__Bacteria;p__Firmicutes;c__Clostridia;o__Clostridiales;f__Ruminococcaceae;g__Butyricicoccus,k__Bacteria;p__Firmicutes;c__Clostridia;o__Clostridiales;f__Ruminococcaceae;g__Clostridium,k__Bacteria;p__Firmicutes;c__Clostridia;o__Clostridiales;f__Ruminococcaceae;g__Faecalibacterium,k__Bacteria;p__Firmicutes;c__Clostridia;o__Clostridiales;f__Ruminococcaceae;g__Gemmiger,k__Bacteria;p__Firmicutes;c__Clostridia;o__Clostridiales;f__Ruminococcaceae;g__Oscillospira,k__Bacteria;p__Firmicutes;c__Clostridia;o__Clostridiales;f__Ruminococcaceae;g__Ruminococcus,k__Bacteria;p__Firmicutes;c__Clostridia;o__Clostridiales;f__Syntrophomonadaceae;g__Syntrophomonas,k__Bacteria;p__Firmicutes;c__Clostridia;o__Clostridiales;f__Veillonellaceae;__,k__Bacteria;p__Firmicutes;c__Clostridia;o__Clostridiales;f__Veillonellaceae;g__Acidaminococcus,k__Bacteria;p__Firmicutes;c__Clostridia;o__Clostridiales;f__Veillonellaceae;g__Anaerovibrio,k__Bacteria;p__Firmicutes;c__Clostridia;o__Clostridiales;f__Veillonellaceae;g__Dialister,k__Bacteria;p__Firmicutes;c__Clostridia;o__Clostridiales;f__Veillonellaceae;g__Megamonas,k__Bacteria;p__Firmicutes;c__Clostridia;o__Clostridiales;f__Veillonellaceae;g__Megasphaera,k__Bacteria;p__Firmicutes;c__Clostridia;o__Clostridiales;f__Veillonellaceae;g__Mitsuokella,k__Bacteria;p__Firmicutes;c__Clostridia;o__Clostridiales;f__Veillonellaceae;g__Phascolarctobacterium,k__Bacteria;p__Firmicutes;c__Clostridia;o__Clostridiales;f__Veillonellaceae;g__Schwartzia,k__Bacteria;p__Firmicutes;c__Clostridia;o__Clostridiales;f__Veillonellaceae;g__Selenomonas,k__Bacteria;p__Firmicutes;c__Clostridia;o__Clostridiales;f__Veillonellaceae;g__Succiniclasticum,k__Bacteria;p__Firmicutes;c__Clostridia;o__Clostridiales;f__Veillonellaceae;g__Veillonella,k__Bacteria;p__Firmicutes;c__Clostridia;o__Clostridiales;f__[Mogibacteriaceae];__,k__Bacteria;p__Firmicutes;c__Clostridia;o__Clostridiales;f__[Mogibacteriaceae];g__,k__Bacteria;p__Firmicutes;c__Clostridia;o__Clostridiales;f__[Mogibacteriaceae];g__Mogibacterium,k__Bacteria;p__Firmicutes;c__Clostridia;o__Clostridiales;f__[Tissierellaceae];g__1-68,k__Bacteria;p__Firmicutes;c__Clostridia;o__Clostridiales;f__[Tissierellaceae];g__Anaerococcus,k__Bacteria;p__Firmicutes;c__Clostridia;o__Clostridiales;f__[Tissierellaceae];g__Finegoldia,k__Bacteria;p__Firmicutes;c__Clostridia;o__Clostridiales;f__[Tissierellaceae];g__Parvimonas,k__Bacteria;p__Firmicutes;c__Clostridia;o__Clostridiales;f__[Tissierellaceae];g__Peptoniphilus,k__Bacteria;p__Firmicutes;c__Clostridia;o__Clostridiales;f__[Tissierellaceae];g__WAL_1855D,k__Bacteria;p__Firmicutes;c__Clostridia;o__Clostridiales;f__[Tissierellaceae];g__ph2,k__Bacteria;p__Firmicutes;c__Erysipelotrichi;o__Erysipelotrichales;f__Erysipelotrichaceae;__,k__Bacteria;p__Firmicutes;c__Erysipelotrichi;o__Erysipelotrichales;f__Erysipelotrichaceae;g__,k__Bacteria;p__Firmicutes;c__Erysipelotrichi;o__Erysipelotrichales;f__Erysipelotrichaceae;g__Allobaculum,k__Bacteria;p__Firmicutes;c__Erysipelotrichi;o__Erysipelotrichales;f__Erysipelotrichaceae;g__Anaerorhabdus,k__Bacteria;p__Firmicutes;c__Erysipelotrichi;o__Erysipelotrichales;f__Erysipelotrichaceae;g__Bulleidia,k__Bacteria;p__Firmicutes;c__Erysipelotrichi;o__Erysipelotrichales;f__Erysipelotrichaceae;g__Catenibacterium,k__Bacteria;p__Firmicutes;c__Erysipelotrichi;o__Erysipelotrichales;f__Erysipelotrichaceae;g__Clostridium,k__Bacteria;p__Firmicutes;c__Erysipelotrichi;o__Erysipelotrichales;f__Erysipelotrichaceae;g__Coprobacillus,k__Bacteria;p__Firmicutes;c__Erysipelotrichi;o__Erysipelotrichales;f__Erysipelotrichaceae;g__Holdemania,k__Bacteria;p__Firmicutes;c__Erysipelotrichi;o__Erysipelotrichales;f__Erysipelotrichaceae;g__RFN20,k__Bacteria;p__Firmicutes;c__Erysipelotrichi;o__Erysipelotrichales;f__Erysipelotrichaceae;g__[Eubacterium],k__Bacteria;p__Firmicutes;c__Erysipelotrichi;o__Erysipelotrichales;f__Erysipelotrichaceae;g__cc_115,k__Bacteria;p__Firmicutes;c__Erysipelotrichi;o__Erysipelotrichales;f__Erysipelotrichaceae;g__p-75-a5,k__Bacteria;p__Fusobacteria;c__Fusobacteriia;o__Fusobacteriales;f__Fusobacteriaceae;__,k__Bacteria;p__Fusobacteria;c__Fusobacteriia;o__Fusobacteriales;f__Fusobacteriaceae;g__,k__Bacteria;p__Fusobacteria;c__Fusobacteriia;o__Fusobacteriales;f__Fusobacteriaceae;g__Fusobacterium,k__Bacteria;p__Fusobacteria;c__Fusobacteriia;o__Fusobacteriales;f__Leptotrichiaceae;g__Leptotrichia,k__Bacteria;p__Fusobacteria;c__Fusobacteriia;o__Fusobacteriales;f__Leptotrichiaceae;g__Sneathia,k__Bacteria;p__Lentisphaerae;c__[Lentisphaeria];o__Victivallales;f__Victivallaceae;g__,k__Bacteria;p__Lentisphaerae;c__[Lentisphaeria];o__Victivallales;f__Victivallaceae;g__Victivallis,k__Bacteria;p__OD1;__;__;__;__,k__Bacteria;p__OD1;c__;o__;f__;g__,k__Bacteria;p__Proteobacteria;__;__;__;__,k__Bacteria;p__Proteobacteria;c__Alphaproteobacteria;__;__;__,k__Bacteria;p__Proteobacteria;c__Alphaproteobacteria;o__Caulobacterales;f__Caulobacteraceae;g__Brevundimonas,k__Bacteria;p__Proteobacteria;c__Alphaproteobacteria;o__RF32;f__;g__,k__Bacteria;p__Proteobacteria;c__Alphaproteobacteria;o__Rhizobiales;f__Brucellaceae;g__Ochrobactrum,k__Bacteria;p__Proteobacteria;c__Alphaproteobacteria;o__Rhizobiales;f__Phyllobacteriaceae;__,k__Bacteria;p__Proteobacteria;c__Alphaproteobacteria;o__Rhizobiales;f__Rhizobiaceae;g__Agrobacterium,k__Bacteria;p__Proteobacteria;c__Alphaproteobacteria;o__Rhizobiales;f__Rhizobiaceae;g__Shinella,k__Bacteria;p__Proteobacteria;c__Alphaproteobacteria;o__Rhodobacterales;f__Rhodobacteraceae;g__Paracoccus,k__Bacteria;p__Proteobacteria;c__Alphaproteobacteria;o__Rickettsiales;__;__,k__Bacteria;p__Proteobacteria;c__Alphaproteobacteria;o__Rickettsiales;f__mitochondria;g__,k__Bacteria;p__Proteobacteria;c__Alphaproteobacteria;o__Rickettsiales;f__mitochondria;g__Raphanus,k__Bacteria;p__Proteobacteria;c__Alphaproteobacteria;o__Sphingomonadales;f__Sphingomonadaceae;g__Sphingomonas,k__Bacteria;p__Proteobacteria;c__Betaproteobacteria;__;__;__,k__Bacteria;p__Proteobacteria;c__Betaproteobacteria;o__Burkholderiales;__;__,k__Bacteria;p__Proteobacteria;c__Betaproteobacteria;o__Burkholderiales;f__Alcaligenaceae;g__Achromobacter,k__Bacteria;p__Proteobacteria;c__Betaproteobacteria;o__Burkholderiales;f__Alcaligenaceae;g__Sutterella,k__Bacteria;p__Proteobacteria;c__Betaproteobacteria;o__Burkholderiales;f__Comamonadaceae;__,k__Bacteria;p__Proteobacteria;c__Betaproteobacteria;o__Burkholderiales;f__Oxalobacteraceae;__,k__Bacteria;p__Proteobacteria;c__Betaproteobacteria;o__Burkholderiales;f__Oxalobacteraceae;g__Oxalobacter,k__Bacteria;p__Proteobacteria;c__Betaproteobacteria;o__Burkholderiales;f__Oxalobacteraceae;g__Ralstonia,k__Bacteria;p__Proteobacteria;c__Betaproteobacteria;o__Neisseriales;f__Neisseriaceae;g__Kingella,k__Bacteria;p__Proteobacteria;c__Betaproteobacteria;o__Neisseriales;f__Neisseriaceae;g__Neisseria,k__Bacteria;p__Proteobacteria;c__Deltaproteobacteria;o__Desulfovibrionales;f__Desulfovibrionaceae;__,k__Bacteria;p__Proteobacteria;c__Deltaproteobacteria;o__Desulfovibrionales;f__Desulfovibrionaceae;g__,k__Bacteria;p__Proteobacteria;c__Deltaproteobacteria;o__Desulfovibrionales;f__Desulfovibrionaceae;g__Bilophila,k__Bacteria;p__Proteobacteria;c__Deltaproteobacteria;o__Desulfovibrionales;f__Desulfovibrionaceae;g__Desulfovibrio,k__Bacteria;p__Proteobacteria;c__Epsilonproteobacteria;o__Campylobacterales;f__Campylobacteraceae;g__Campylobacter,k__Bacteria;p__Proteobacteria;c__Epsilonproteobacteria;o__Campylobacterales;f__Helicobacteraceae;g__Helicobacter,k__Bacteria;p__Proteobacteria;c__Gammaproteobacteria;o__Aeromonadales;f__Succinivibrionaceae;g__Succinivibrio,k__Bacteria;p__Proteobacteria;c__Gammaproteobacteria;o__Cardiobacteriales;f__Cardiobacteriaceae;g__Cardiobacterium,k__Bacteria;p__Proteobacteria;c__Gammaproteobacteria;o__Enterobacteriales;f__Enterobacteriaceae;__,k__Bacteria;p__Proteobacteria;c__Gammaproteobacteria;o__Enterobacteriales;f__Enterobacteriaceae;g__Providencia,k__Bacteria;p__Proteobacteria;c__Gammaproteobacteria;o__Pasteurellales;f__Pasteurellaceae;__,k__Bacteria;p__Proteobacteria;c__Gammaproteobacteria;o__Pasteurellales;f__Pasteurellaceae;g__Aggregatibacter,k__Bacteria;p__Proteobacteria;c__Gammaproteobacteria;o__Pasteurellales;f__Pasteurellaceae;g__Haemophilus,k__Bacteria;p__Proteobacteria;c__Gammaproteobacteria;o__Pseudomonadales;f__Moraxellaceae;g__Acinetobacter,k__Bacteria;p__Proteobacteria;c__Gammaproteobacteria;o__Pseudomonadales;f__Pseudomonadaceae;__,k__Bacteria;p__Proteobacteria;c__Gammaproteobacteria;o__Pseudomonadales;f__Pseudomonadaceae;g__Pseudomonas,k__Bacteria;p__Proteobacteria;c__Gammaproteobacteria;o__Xanthomonadales;f__Xanthomonadaceae;g__Ignatzschineria,k__Bacteria;p__Proteobacteria;c__Gammaproteobacteria;o__Xanthomonadales;f__Xanthomonadaceae;g__Pseudoxanthomonas,k__Bacteria;p__Spirochaetes;c__Spirochaetes;__;__;__,k__Bacteria;p__Spirochaetes;c__Spirochaetes;o__Spirochaetales;f__Spirochaetaceae;g__Treponema,k__Bacteria;p__Spirochaetes;c__[Brachyspirae];o__[Brachyspirales];f__Brachyspiraceae;g__Brachyspira,k__Bacteria;p__Synergistetes;c__Synergistia;o__Synergistales;f__Dethiosulfovibrionaceae;g__Pyramidobacter,k__Bacteria;p__Synergistetes;c__Synergistia;o__Synergistales;f__Dethiosulfovibrionaceae;g__TG5,k__Bacteria;p__Synergistetes;c__Synergistia;o__Synergistales;f__Synergistaceae;g__,k__Bacteria;p__Synergistetes;c__Synergistia;o__Synergistales;f__Synergistaceae;g__Cloacibacillus,k__Bacteria;p__Synergistetes;c__Synergistia;o__Synergistales;f__Synergistaceae;g__Synergistes,k__Bacteria;p__TM7;c__TM7-3;o__;f__;g__,k__Bacteria;p__TM7;c__TM7-3;o__CW040;f__;g__,k__Bacteria;p__TM7;c__TM7-3;o__CW040;f__F16;g__,k__Bacteria;p__TM7;c__TM7-3;o__I025;f__Rs-045;g__,k__Bacteria;p__Tenericutes;c__Mollicutes;o__Anaeroplasmatales;f__Anaeroplasmataceae;g__Anaeroplasma,k__Bacteria;p__Tenericutes;c__Mollicutes;o__Mycoplasmatales;f__Mycoplasmataceae;g__Mycoplasma,k__Bacteria;p__Tenericutes;c__Mollicutes;o__RF39;f__;g__,k__Bacteria;p__Tenericutes;c__RF3;o__ML615J-28;f__;g__,k__Bacteria;p__Verrucomicrobia;c__Opitutae;o__[Cerasicoccales];f__[Cerasicoccaceae];g__,k__Bacteria;p__Verrucomicrobia;c__Verruco-5;o__WCHB1-41;f__RFP12;g__,k__Bacteria;p__Verrucomicrobia;c__Verrucomicrobiae;o__Verrucomicrobiales;f__Verrucomicrobiaceae;g__Akkermansia
S100/8123,0.0,0.0,0.0,0.0,0.0,0.00040533129872916715,0.0,4.7686035144607904e-05,0.0,0.0,0.0,0.0,0.0,0.0,0.05346399306962956,0.0,0.0,0.00040533129872916715,0.0010252497556090699,0.0,0.0,0.010912154375591109,0.0,0.0,0.0,0.0,1.5895345048202632e-05,0.0,0.0,0.2883654021919681,0.0,0.0,0.0032029120272128305,0.0,0.0,0.0,0.00011126741533741843,0.0,0.0019869181310253293,0.0,0.10769891037409694,0.0,0.0,3.9738362620506584e-05,0.0019233367508325187,0.005388521971340693,0.0,0.0,0.0,0.0,0.0,3.1790690096405265e-05,0.0,0.0,0.0,0.0,0.0,0.0,0.0,0.0,0.0,0.0,0.0,0.0,0.0,0.0,0.0,0.003210859699736932,0.0,0.0,1.5895345048202632e-05,0.0,0.0,0.0,0.0012875229489044133,0.0,6.358138019281053e-05,0.00989485229250614,0.0,0.0,9.537207028921581e-05,6.358138019281053e-05,0.0,4.7686035144607904e-05,0.0,0.0,0.0,0.0,6.358138019281053e-05,0.0,0.03446905573702741,0.0,0.00011921508786151975,0.015315164953943238,0.0,0.0006119707843558014,0.049752430000874245,0.00851195727331251,0.0,0.002861162108676474,0.005626952147063732,3.1790690096405265e-05,0.0,0.0,0.0,0.024526517409376666,0.0,0.006834998370727132,0.0,0.0,0.0,0.0005086510415424842,0.0,0.0,0.01255732258808008,0.014862147620069462,0.00016690112300612764,0.0007788719073619291,0.0,0.02933485928645796,0.0,0.022976721267176908,0.018375018875722245,0.0,0.0,0.014742932532207943,0.0,0.0008583486326029422,0.0,0.0,0.0,0.060632793686368945,0.0,0.0,0.0,0.0005722324217352948,0.0,0.0038943595368096454,0.0,0.0,0.0,0.0,0.0,0.0,0.0,0.0,0.0,0.0017405402827781885,0.0,0.0,0.0,0.0,0.0,0.0,3.1790690096405265e-05,0.0,0.0,7.947672524101317e-05,0.0,0.0,0.0,0.0,0.0,0.0,0.0,0.0046652837716474735,1.5895345048202632e-05,0.00019074414057843162,0.0,0.0,0.0,0.029573289462181,0.0,0.0,0.0,0.0,0.0,0.0,0.0,0.0,0.0,0.0,0.0,0.0,0.04306048973558094,0.0,0.0,0.0,0.0,0.0,0.0,0.0,0.0,0.013185188717484085,0.0,0.0,0.0,0.0,0.0,0.00037354060863276187,0.0,0.0,0.0,0.0002702208658194448,0.0,0.0,0.0,0.0,0.0,0.0,0.0,0.0,0.0,0.0,0.0,0.0,0.0037036153962312136,9.537207028921581e-05,0.0,0.0,0.0,0.0,0.0,0.0,0.0,0.0,0.0,0.08432480548071497
S101/8118,0.0,0.0,0.0,0.0,0.0,0.0002542211300129229,0.0,8.47403766709743e-05,0.0,4.237018833548715e-05,0.00013770311209033325,0.0,0.0,0.0,0.01777429400673686,0.0,0.0,0.0003601466008516408,0.000550812448361333,0.0,0.0,0.011800097451433171,0.0,0.0,0.0001694807533419486,0.0,0.0,0.0,0.0,0.10994004618350528,0.0,0.0,0.0113763955680783,0.0,0.0,0.0,0.18482935406647882,0.004056945533122895,0.001398216215071076,0.0,0.006588564286168252,0.00260576658263246,0.0,0.00014829565917420502,0.002287990170116306,0.0037285765735228693,0.0,0.0,0.0,0.0,0.0,0.0,0.0,0.0,0.00013770311209033325,0.0,0.0,0.0,0.0,0.0,0.0,0.0004342944304387433,0.0,0.0,0.00022244348876130753,0.0,0.0,0.0,0.0,0.0,0.0,0.0,0.0,0.0,0.00189606592801305,0.00020125839459356396,6.355528250323073e-05,0.01610067156748512,0.029373133063576466,0.0,0.0025210262059614857,5.296273541935894e-05,0.0,0.0,0.00024362858292905113,4.237018833548715e-05,0.0,6.355528250323073e-05,0.0,0.0,0.0666059360633858,0.000699108107535538,0.0007944410312903841,0.015433341101201195,0.0,0.0009427366904645892,0.011418765756413787,0.005582272313200432,0.0,0.009046035209626506,0.003453170349342203,0.0,0.0,0.0,0.0,0.06723089634133424,0.0,0.0005296273541935894,9.53329237548461e-05,0.0,0.0,0.00021185094167743576,0.0,0.0,0.024267525369150268,0.02196894265195009,0.0,0.0007097006546194097,0.0,0.15049890896765036,0.01701163061669809,0.03269919284791221,0.05172340741054594,0.0,0.0,0.00959684765798784,0.0,0.0011757727263097685,0.0,6.355528250323073e-05,0.0,0.04019871618329343,4.237018833548715e-05,8.47403766709743e-05,0.0,0.0021185094167743574,0.0,0.000847403766709743,0.0,0.0,0.0,0.0,0.0,2.1185094167743574e-05,9.53329237548461e-05,0.0,0.0,0.0003389615066838972,4.237018833548715e-05,0.0,0.0,0.0024786560176259984,0.00015888820625807682,9.53329237548461e-05,0.00011651801792258967,0.0,0.0093108488867233,0.0,0.0,0.0,0.0,0.0006249602779484355,0.0002648136770967947,0.0,2.1185094167743574e-05,0.0,5.296273541935894e-05,0.00012711056500646145,0.0,0.0,0.0,0.0006143677308645637,0.0,0.0,0.0,0.0,0.0,0.0,0.0,0.0,0.0,0.0,0.0,0.0,0.009882846429252377,0.0,0.0,0.0003283689596000254,0.0,0.0,0.0012181429146452556,0.0,0.00022244348876130753,0.0018113255513420756,0.0022773976230324343,0.0001694807533419486,0.0,0.0,0.0,0.0011757727263097685,0.0,0.0,0.00012711056500646145,0.0007520708429548969,0.0,0.0,0.00046607207169035867,0.0,0.0,0.0,0.0,0.0,0.0,0.0,0.0,3.177764125161536e-05,0.0,0.0,2.1185094167743574e-05,0.0,0.0,0.0,0.0,0.0,5.296273541935894e-05,0.0004025167891871279,0.0,0.02215960849945978
S102/8145,0.0,4.4735523584568034e-05,0.0,0.0,0.0,5.368262830148164e-05,0.0,0.00013420657075370411,0.0,0.0,0.0,0.00010736525660296328,0.0,0.0,0.00017894209433827213,0.0,0.0,0.0012168062415002505,0.001843103571684203,0.0,4.4735523584568034e-05,0.006826640899005082,9.841815188604967e-05,0.0,0.0,0.00019683630377209934,0.0,0.0,0.0,0.04341135208646482,0.0,0.0,0.004285663159401617,0.0,0.0,0.0,0.22925166416147735,0.00023262472263975377,0.000250518932073581,0.0,0.006898217736740391,0.00010736525660296328,0.0,0.00015210078018753132,0.0013778541264046955,0.00035788418867654427,0.0,0.0,0.003614630305633097,0.0,0.02415718273566674,5.368262830148164e-05,0.0,1.7894209433827213e-05,0.0,0.0,0.0,0.0,0.0,0.0,0.0,0.00015210078018753132,0.0,0.0,0.00024157182735666738,0.0,0.0,0.00042946102641185313,0.0,0.0,0.0,0.0,0.0,0.0,0.0014494309641400042,0.0,3.5788418867654425e-05,0.001252594660367905,0.0004205139216949395,0.0,0.00013420657075370411,9.841815188604967e-05,0.0,0.0,0.0,0.0,0.0,0.0,0.0,1.7894209433827213e-05,0.008651850261255457,0.0,0.00015210078018753132,0.005502469400901868,0.0,0.00030420156037506263,0.011398611409347935,0.003364111373559516,0.0,0.00013420657075370411,0.0009126046811251878,0.0,0.0,0.0,0.0,0.01230226898575621,0.0,0.003140433755636676,0.0,0.0,0.0,5.368262830148164e-05,0.0,0.0,0.0036504187245007514,0.00048314365471333477,0.0014673251735738315,0.0,0.0,0.0024246653782835875,0.0009841815188604967,0.01190859637821201,0.001914680409419512,0.0,0.0,0.02448822561019254,0.024228759573402047,0.0027109727292248227,0.0,0.004375134206570754,0.00033998997924271704,0.04273137212797939,0.0,0.0,0.0,0.0008499749481067926,0.0,0.00043840813112876675,0.0,0.0,0.0,0.0,0.0,0.0,0.0,0.0,0.0,1.7894209433827213e-05,3.5788418867654425e-05,0.0,0.00017894209433827213,0.0010557583565958056,0.0,0.0,0.0,0.0,0.019263116455514994,0.0,0.0,0.0,0.0,0.00026841314150740823,0.00020578340848901295,0.0,0.0,0.0003936726075441987,0.0,3.5788418867654425e-05,0.0,0.0,0.00013420657075370411,9.841815188604967e-05,0.0,0.0,0.0,0.0,0.0018341564669672895,0.0,0.0,0.0,0.0,0.0,0.0,0.00010736525660296328,0.026563953904516498,0.0,0.0,0.00011631236131987688,0.0,0.0,0.00047419654999642115,0.0,0.0003668312933934579,0.002737814043375564,0.0032925345358242072,0.0,0.0,0.42889735881468755,0.0,0.011022833011237564,0.0,0.0,0.0002773602462243218,0.0026304487867726003,9.841815188604967e-05,0.0,0.0004920907594302483,0.0,1.7894209433827213e-05,0.0,0.0,0.0,0.00031314866509197625,0.0,0.0,0.0,0.0,0.00015210078018753132,0.0,0.0,0.0,0.0,0.0,0.0,0.0,0.0,0.0,0.0008589220528237063
S103/8150,0.0,0.0,0.0,0.0,0.0,0.0006450604011102858,0.0,3.909456976425974e-05,0.0,0.0,0.0,0.0,0.0,0.0,0.0,0.0,0.0,0.000615739473787091,0.002140427694593221,0.0,0.0,0.0014171781539544157,0.0,0.0,0.00028343563079088314,0.0,0.023847687556198444,0.0,0.0,0.07212948121505923,0.0,0.0,0.0022283904765628055,0.0,0.0,0.00528754056061613,0.18990187262989172,0.0,0.0006646076859924157,0.0,0.002814809023026702,0.05284608467883811,0.0,0.0005961921889049611,0.006528793150631377,0.00306892372649439,0.00019547284882129873,0.004231987176981118,0.0,0.0,0.04738261855428281,0.0,0.0,0.0,0.0,0.0,0.0,0.0,0.0,0.0,0.0,2.932092732319481e-05,0.0,0.0,0.0,0.0,0.0,0.0,0.0,0.0,0.0,0.0,0.0,9.773642441064937e-05,0.00015637827905703896,0.0,8.796278196958443e-05,0.008092575941201767,0.0,0.0,0.001534461863247195,5.864185464638962e-05,0.0,0.0,0.0,0.0,0.0,0.0,0.0,0.0,0.02419953868407678,0.0009773642441064936,0.0,0.016234020094608857,0.0,0.0013976308690722859,0.005404824269908909,0.001993823057977247,0.0,0.001974275773095117,0.0017885765667148834,0.0,0.0,0.0,0.0,0.04300402674068572,0.0,0.014464990812776106,0.0005668712615817663,8.796278196958443e-05,0.0,0.0,0.0,2.932092732319481e-05,0.08204972829274014,0.03456937331404668,0.0001368309941749091,0.0,0.0,0.055328589858868606,0.007164079909300598,0.08230384299620783,0.004310176316509637,0.0,0.0,0.03279057038977286,0.0,0.013556042065757066,0.0,0.0002932092732319481,0.01574533797255561,0.05596387661753782,0.0,0.0,0.0,0.0,0.0,0.0016126510027757144,4.886821220532468e-05,0.0,0.0,0.0,0.0,0.0,0.0,0.0,0.0,3.909456976425974e-05,0.0,0.0,0.001690840142304234,0.008806051839399507,0.0,0.0,0.0002736619883498182,0.0,0.0,0.0006059658313460261,0.0,0.0034696430665780522,0.0,0.0,3.909456976425974e-05,0.0,0.0,0.0008112123226083897,0.0,0.001221705305133117,0.0,0.0,0.0,0.0,0.0,0.0,0.0,0.0,0.0,0.0,0.0,0.0,0.0,0.0,0.0,0.0,0.011738144571718989,0.0,0.0008600805348137144,0.0,0.0,0.0,0.0,0.0,0.001084874310958208,0.001505140935924,0.03385589741584894,0.0,0.0,0.0,0.0,0.001837444778920208,0.0,0.0,0.0,0.0,0.0,0.0,0.0,0.0,0.0,0.0,0.0,0.0,0.0,0.0,0.0,0.0,0.001241252590015247,3.909456976425974e-05,0.0,0.0,0.0,0.0,0.0,2.932092732319481e-05,0.0,0.005873959107080027,0.0,5.864185464638962e-05
S104/8162,0.0,0.0009366690838772057,0.0,0.0,0.0,0.019537104181774234,0.00010273144790911288,0.00013294657964708727,0.0,0.0,0.0,0.0,0.0,0.0,0.02284263959390863,0.0,0.0,0.0,0.0024051244863427606,7.25163161711385e-05,0.0,0.0045201837080009665,0.0002961082910321489,0.0,0.0,0.0015288856659415036,1.8129079042784625e-05,0.0,0.001117959874305052,0.24581822576746434,0.0,3.021513173797438e-05,0.007046168721295625,2.4172105390379503e-05,1.8129079042784625e-05,0.0,0.0003686246072032874,0.0010212714527435339,0.03253565385545081,0.0,0.02521150592216582,9.668842156151801e-05,0.05737249214406575,0.0,0.00629683345419386,0.005777133188300701,0.0,0.0,0.0,0.0,4.230118443316413e-05,0.0,0.0,0.0,0.0,0.0,0.0,0.0,0.0,0.0,0.0,4.834421078075901e-05,0.0,0.0,0.0,0.0,0.0,0.0,0.0,0.0,0.0,0.0,0.0,0.0,0.0002961082910321489,8.460236886632826e-05,0.0010454435581339135,0.005142615421803239,0.0010998307952622673,0.0,0.0045020546289581825,2.4172105390379503e-05,0.0,0.0,0.00016316171138506164,0.0,4.230118443316413e-05,0.0,0.0,0.00013898960599468215,0.004568527918781726,0.0,0.0005136572395455644,0.13081943437273386,0.0,8.460236886632826e-05,0.029628958182257675,0.0,0.0,0.0,0.00011481750060430264,0.0,0.0,0.0,0.0,0.010853275320280397,0.0,0.0011421319796954316,7.25163161711385e-05,0.0,0.0,0.0,0.0,0.0,0.010255015711868504,0.002326565143824027,0.000145032632342277,0.0,0.0,0.024637418419144307,0.01824389654338893,0.006653372008701958,0.002574329224075417,0.0,0.0,0.06597776166304085,0.0,0.0009487551365723954,0.0,0.02255861735557167,0.0,0.048235436306502295,0.0,0.0,0.0,0.00026589315929417454,0.0,0.0006768189509306261,0.0,0.0,0.0,0.0,0.0,0.0,0.0,0.0,0.0,0.008780517283055353,0.0,0.0,0.0,0.0,5.438723712835388e-05,2.4172105390379503e-05,0.0,0.0,0.00023567802755620015,7.25163161711385e-05,0.0,0.0,0.0,3.625815808556925e-05,0.0,0.0,0.00045927000241721054,0.002942953831278704,3.021513173797438e-05,0.00035653855450809764,0.0,0.0,0.0,0.0,0.0,0.0,0.0,0.0,0.0,0.0,0.0,0.0,0.0,0.0,0.0,0.0,0.08291636451534928,0.0,0.0,0.00019337684312303603,0.0,0.0,0.00010273144790911288,0.0,0.0010273144790911288,0.021482958665699783,0.038572637176698094,0.0,0.0,0.0,0.0,0.012732656514382403,0.0,0.0,0.0,0.00018733381677544115,0.0,0.0,0.0,0.0,0.0,0.0,0.0,0.0,0.0,0.0,0.0,0.0,0.0,2.4172105390379503e-05,0.0,0.0,0.0,0.0,0.0,0.0,0.0,0.0,0.0,0.0007130771090161953
S105/8151,0.0,0.0,0.0,0.0,0.0,0.0016099885000821423,0.0,0.0,0.0,0.0,0.0,0.0,0.0,0.0,0.0,0.0,0.0,0.0,0.0009446361097420733,0.0,0.0,0.0,0.002718909150648924,0.0,0.0,0.0,0.0,0.0,0.0,0.5885657959586003,0.0,0.0,0.013241333990471497,0.0,0.0,0.0,0.0010103499260719565,0.0,0.0,0.0,0.0002874979464432397,8.21422704123542e-05,0.0,0.0443650402497125,0.0,0.0,0.0,0.0,0.0,0.0,7.392804337111878e-05,0.0,0.0,0.0,3.285690816494168e-05,0.0,0.0,0.0,0.0,0.0,0.0,0.0,0.0,0.0,0.0,0.0,0.0,0.0,0.0,0.0,0.0,0.0,0.0,0.0,0.000312140627566946,0.0,0.0,0.006965664530967636,4.928536224741252e-05,0.0,0.00027106949236076883,0.00022999835715459177,0.0,0.0,0.0,0.0,0.0,0.0,0.0,0.002776408739937572,0.03873829472646624,0.0,0.0,0.008961721701987843,0.0,0.06654345326104813,0.002702480696566453,0.0,0.0,0.0,0.0,0.0,0.0,0.0,0.0,0.015023821258419582,0.0,0.004066042385411533,3.285690816494168e-05,0.0,4.10711352061771e-05,0.0,0.0,0.0,0.005142106127813373,0.0,0.011220634138327584,0.0002874979464432397,0.00035321176277312307,0.0,0.0,0.029398718580581566,0.049589288647938226,0.0,0.0,0.0,0.0,0.00014785608674223755,0.0,0.0,0.0,0.07802694266469526,0.0,0.0,0.0,0.00021356990307212092,0.0,0.0013635616888450796,0.0,0.0,3.285690816494168e-05,0.0,0.0,3.285690816494168e-05,0.0001314276326597667,0.0,0.0,3.285690816494168e-05,7.392804337111878e-05,0.0,0.0,0.0,0.0002957121734844751,0.0038689009364218825,8.21422704123542e-05,0.0,0.00035321176277312307,0.0,0.0,0.0,0.0,0.0,0.0,0.0,0.0,0.0,0.00014785608674223755,0.0005914243469689502,1.642845408247084e-05,0.0,0.0,0.0,0.0,0.0,0.0,0.0,0.0,0.0,0.0,0.0,0.0,0.0,0.0,0.0,0.0,0.0,0.0,0.0017085592245769674,0.0,0.0,0.00010678495153606046,0.0,0.0003039264005257105,0.0,0.007639231148348941,0.008058156727451946,0.0,0.0,0.0,0.0006324954821751274,0.0,0.0,0.0,0.0001314276326597667,0.0,0.0,0.0,0.0,0.0,0.0,0.0,0.0,0.0,0.0,0.0,0.0,0.0,0.0002053556760308855,0.0,0.0,0.0,0.0,0.0,0.0,0.0,0.0,0.0,0.0001642845408247084
S106/8079,0.0,0.0,0.0,0.0,0.0,0.0010694703862143761,0.0,0.0,0.0,0.0,7.531481593058986e-05,0.0,0.0,0.0,0.010167500150629631,0.0,9.037777911670784e-05,0.0,0.0,0.0,0.0,0.007169970476592155,0.0,0.0,0.0003464481532807134,0.0,0.0,0.0,0.0,0.33418690124721334,0.0,0.0,0.0030125926372235948,0.0,0.0,0.0,0.00037657407965294935,0.0,0.0,0.0,0.0030879074531541843,0.00012050370548894379,0.0,0.0,0.0,0.00013556666867506177,0.0,0.0,0.013481352051575586,0.0,0.0,0.0,0.0,0.0,0.0,0.0,0.0,0.0,0.0,0.0,0.0,0.0,0.0,0.0,0.0,0.0009339037175393143,0.0,0.003283725974573718,0.0,0.0006627703801891908,0.0,0.0,0.0,0.0,0.007245285292522745,0.0,0.0,0.0,0.0,0.0,0.0,0.0,0.0,0.0,0.0,0.0,0.0,0.0,0.0,6.0251852744471894e-05,0.10842320901367718,0.001099596312586612,0.0,0.004051937097065735,0.0,0.0012351629812616738,0.0009489666807254323,0.014972585407001266,0.0,0.0,0.0,0.0,0.0,0.0,0.0006627703801891908,0.005603422305235886,0.0,0.0006778333433753087,0.0,0.0,0.0,0.0,0.0,0.0,0.0012050370548894378,0.0,0.0,0.0,0.0,0.00040670000602518525,0.002349822257034404,0.0004368259323974212,0.0,0.0,0.0,0.06761764174248358,0.0,0.0,0.0,0.29749352292583,0.0,0.019295655841417125,0.0,0.0,0.0,0.002741459299873471,0.0,0.0,0.0,0.0,0.0,0.0,0.0,0.0,0.0,0.0,0.0,0.0,0.0,0.0,0.0,0.02742965596192083,0.0,0.0,0.0,0.0,0.0,0.0,0.0,0.0,0.0,9.037777911670784e-05,0.0,0.0,0.0,0.0,0.0,0.0004518888955835392,0.0,0.0,0.0,0.0,0.0,0.0,0.0,0.0,0.0,0.0,0.0,0.0,0.0,0.0,0.0,0.0,0.052419111887690543,0.0,0.0,0.0,0.0,0.0,0.0,0.0,0.0003464481532807134,0.00036151111646683137,0.0,6.0251852744471894e-05,0.0,0.0,3.0125926372235947e-05,0.0035247333855516058,0.0,0.0,0.0,0.0005121407483280111,0.0,0.0,0.0,0.0,0.0,0.0,0.0,0.0,0.0,0.0,0.0,0.0,0.0,0.0,0.0,0.0,0.0,0.0,0.0,0.0,0.0,0.0,0.0,4.518888955835392e-05
S107/8192,0.0,0.0,0.0,0.0,0.0,0.00040011577818262304,0.0,5.107860998076039e-05,0.0,0.0,0.0,2.5539304990380194e-05,0.0,0.0,0.0,0.0,0.0,0.0,0.0,0.0,3.405240665384026e-05,0.0,0.0,0.0,0.0,0.0,0.0,0.0,0.0,0.5949721621575604,0.0,0.0,0.08772751264195597,3.405240665384026e-05,0.0,0.0,0.0005874040147787444,0.0,0.0,0.0,0.005797422232816304,9.364411829806072e-05,0.0,0.0,0.0,3.405240665384026e-05,0.0,0.0,0.08135119949602439,0.0,0.0,0.0,0.0,0.0,0.0,0.0,0.0,0.0,0.0,0.0,0.0,0.00012769652495190096,0.0,5.959171164422045e-05,0.0,0.0001191834232884409,0.0,0.00021282754158650163,0.0,0.0,0.0,0.0,0.0,0.0,0.0014642534861151312,0.0,0.0,1.702620332692013e-05,6.810481330768052e-05,0.0,2.5539304990380194e-05,0.0,0.0,0.0,5.959171164422045e-05,0.0,0.0,0.0,0.0,0.0,0.0003660633715287828,0.0,0.0,0.0019750395859227353,0.0,0.014974545826026255,0.0,0.0,0.0,0.0,0.0,0.0,0.0,0.0,0.000263906151567262,0.002783784243951441,0.0,0.0022644850424803774,0.0,0.0,0.0,0.0,0.0,0.0,0.00011067032162498085,0.0,0.0,0.0,0.0,0.0,0.0,0.0037031992236051282,0.0002894454565576422,0.0,0.0,5.959171164422045e-05,0.0,0.002860402158922582,0.0,0.0023836684657688183,0.0,0.0,0.0,7.661791497114059e-05,0.0,0.07136533124478572,0.0,0.0,0.0,0.0,0.0,0.0,0.0,0.0,0.00025539304990380193,0.0,0.0,0.0,5.107860998076039e-05,0.0,0.0,0.006223077315989307,0.0,0.0,0.0,0.0,0.00035755026986532273,0.0,0.0,0.0,0.0,0.0008172577596921662,1.702620332692013e-05,0.0,1.702620332692013e-05,0.0,0.00013620962661536104,0.0011237294195767286,0.0,0.0,0.0,0.0,0.0,0.0,0.0,0.0,0.0,0.0,0.0,0.0,0.0,0.0,0.0,0.0,0.08885975516319616,0.0,0.0,0.0,0.0,0.0,5.959171164422045e-05,0.0,0.0,7.661791497114059e-05,0.0,3.405240665384026e-05,0.0,0.0,0.0,0.024364496960822705,0.0,0.0,0.0,0.0002468799482403419,0.0,0.0,0.0,0.0,0.0,0.0,0.0,0.0,0.0,0.0,0.0,0.0,0.0,0.00027241925323072207,1.702620332692013e-05,0.0,0.0,0.0,0.0,0.0,0.0,0.0,0.0,0.0003320109648749425
S108/8103,0.0,0.0,0.0,0.0,0.0,0.0005157189749736914,0.0,4.878422736237621e-05,0.0,0.0,0.0,0.0,0.0,0.0,0.00014635268208712862,0.0,0.0,0.0,0.0,0.00012544515607468168,0.0,0.0009965920732599711,0.00011150680539971705,0.0,0.0,0.0,0.0,0.0,0.0,0.4640355706709225,0.0,0.0,0.033953822244213845,0.0,0.0,0.0,0.0,0.0,0.0,0.0,0.006906452759444975,6.969175337482316e-05,0.0,0.0,4.181505202489389e-05,0.013415662524653458,0.0,0.0,0.0,0.0,0.0,0.0,0.0,0.0,0.0,0.0,0.0,0.0,0.0,0.0,0.0,4.878422736237621e-05,0.0,0.0,0.0,0.0,0.0,0.0,0.0,0.0,0.0,0.0,0.0,0.0,0.00038330464356152737,0.00019513690944950485,0.0,0.013575953557415551,6.272257803734084e-05,0.0,0.0,0.0,0.0,0.0,3.484587668741158e-05,0.0,0.0,0.0,0.0,0.0,0.037361748984242694,0.00043905804626138587,0.001637756204308344,0.007979705761417252,0.0,0.00011150680539971705,0.01278843674428005,0.0009199311445476656,0.0,0.01327627901790381,0.006495271414533518,0.0,0.0,0.0,0.0,0.06344040309710151,0.0,0.0023277045627190934,0.0,0.0,0.0,0.0016516945549833089,0.0,0.0,0.006864637707420081,0.0014286809441838746,0.0,0.0,0.0,0.07505801838468454,0.005066590470349644,0.04782945034114113,0.002494964770818669,0.0,0.0,0.06362857083121354,0.0,0.0015750336262710034,0.0,0.0,0.0,0.0,0.0,0.0,0.0,0.00027876701349929264,0.0,5.5753402699858526e-05,0.0,0.0,0.0,0.0,0.0,0.0,0.0,0.0,0.0,0.000682979183073267,0.0,0.0,0.0,0.0,0.0,0.0,4.878422736237621e-05,0.0,2.7876701349929263e-05,0.0,0.0,0.0,0.0,0.0,0.0,0.0,0.0,0.0,0.0,0.00066207165706082,0.0,0.0,0.0,0.0,0.0,0.0,0.0,0.0,0.0,0.0,0.0,0.0,0.0,0.0,0.0,0.0,0.09404902117932384,0.0,0.0,0.001129006404672135,0.0,0.0,4.181505202489389e-05,0.0,0.0,0.011833659723044973,0.0,3.484587668741158e-05,0.0,0.0,0.0,0.0034427726167162638,0.0,0.0,0.0,0.00042511969558642126,0.0,0.0,0.0,0.0,0.0,0.0,0.0,0.0,4.181505202489389e-05,0.0,0.0,0.0,0.0,0.0,0.0,0.0,0.0,0.0,0.0,0.0,0.0,0.0,0.0,0.00020210608478698716
S109/8446,0.0,0.0,0.0,0.0,0.0,0.00045397299592888734,0.0,0.0,0.0,0.0,0.0,9.51878862431538e-05,0.0,0.0,0.0,0.0,0.0,0.0004246844155463785,0.000988489587909674,0.0,0.0,0.00831063468353689,0.0,0.00010983217643440822,0.0009152681369534019,0.0,0.0,0.0,0.0,0.20021673549483057,0.0,0.0,0.03800925519140087,0.0015083618896992062,0.0,0.0,0.13997012564800984,0.010939284772867059,0.005037635825791524,0.0,0.011466479219752218,0.007314822950531588,0.0,0.0,0.005908971092171162,0.004473830653428228,0.004268810590750666,0.0,0.008244735377676244,0.0,0.02824151363383417,0.0,0.0,0.0,0.0,0.0002416307881556981,0.0,0.0,0.0,0.0,0.0,9.51878862431538e-05,0.0,0.0,0.0,0.0,0.0,3.661072547813607e-05,0.0,0.0,0.0,0.0,0.0,0.0,0.0013326304074041532,0.00011715432153003544,8.054359605189937e-05,0.01077819758076326,0.0032070995518847204,0.0,0.000717570219371467,4.393287057376329e-05,0.0,0.0,8.786574114752658e-05,0.0,0.00015376504700817151,0.0,0.0,0.0,0.056292651495182026,0.0010031338781009284,0.00021234220777318925,0.023299065694285796,0.0,0.001464429019125443,0.025224789854435756,0.001706059807281141,0.0,0.00027091936853820695,0.020201798318835486,0.0,0.0,0.00035146296459010633,0.0,0.017023987347333274,0.0,0.0067217291977857835,0.00045397299592888734,0.0,0.0,0.0007761473801364848,0.0,0.00010983217643440822,0.04452596432650909,0.0003368186743988519,0.0004905837214070234,0.0,0.0,0.07448085991272003,0.01624783996719679,0.04962949945816126,0.013275049058372141,0.0,0.0,0.012433002372375011,0.0,0.012952874674164543,0.0,0.0005198723017895323,0.0,0.02769235275166213,0.0,0.0,0.0,0.00037342939987698796,0.0,0.0017646369680461588,0.0,0.0005564830272676684,0.0,0.0,8.786574114752658e-05,0.0001464429019125443,0.0022332542541663005,0.0,0.0,0.0006004158978414316,0.0,0.0,0.0,0.0008786574114752658,0.00017573148229505317,2.928858038250886e-05,0.00011715432153003544,0.0,0.002474885042321999,0.0,0.0,0.0,0.0,0.002247898544357555,6.589930586064493e-05,0.0,0.0,0.0,0.0,0.00010251003133878101,0.0,0.0,0.0,6.589930586064493e-05,0.0,0.0,0.0,0.0,0.0,0.0,0.0,0.00012447646662566266,0.0,0.0,0.0,0.0,0.020787569926485665,0.0,0.0,0.0,0.0,0.0,0.0002635972234425797,0.0,0.0,0.009562721494889143,0.04697156078844859,0.0003953958351638696,0.0,0.0,0.0,0.00765164162493044,0.0,0.0,0.0,0.00011715432153003544,0.0,0.0,0.0,0.0,0.0,0.0,0.0,0.0,0.0,0.0,0.0,0.0,0.0,0.00021234220777318925,5.857716076501772e-05,0.0,0.0,0.0,5.857716076501772e-05,0.0,0.0,0.0,0.0,0.0003880736900682424
S110/8096,0.0,0.0,0.0,0.0,0.0,3.9349422875131165e-05,3.279118572927597e-05,0.0,0.0,0.0,0.0,0.0,0.0,0.0,0.0009312696747114375,0.0,0.0,0.0,0.00036726128016789086,0.00043284365162644283,0.0,0.020901101783840505,9.837355718782791e-05,0.0,0.0,0.0,4.590766002098636e-05,0.0,0.0,0.260689926547744,0.0,0.0,0.045409233997901366,0.0,0.0,0.0,0.004492392444910808,0.0,0.0,0.0,0.046130640083945434,7.214060860440713e-05,0.0,0.0,0.0,0.004833420776495278,0.0,0.0,0.001016526757607555,0.0,0.000708289611752361,0.0,0.0,0.0,0.0,0.0,0.0,0.0,0.0,0.0,0.0,0.0,0.0,0.0,0.0,0.0,0.0,0.009266789087093389,0.0,0.0,0.0,0.0,0.0,0.0,0.005876180482686254,0.00020330535152151102,0.0002295383001049318,0.008958551941238195,0.0,0.0,0.0010034102833158447,0.0,0.0,0.0,0.0,0.0,7.869884575026233e-05,0.0,4.590766002098636e-05,0.0,0.005436778593913956,0.0,0.0009575026232948584,0.0020527282266526756,0.0,0.00017051416579223506,0.015149527806925498,0.003436516264428122,0.0,0.0,0.0,0.0,0.0,0.0,0.0,0.0006230325288562434,0.0,0.0066959601259181534,0.0,0.0,0.0,0.0,0.0,0.0,0.02348504721930745,1.9674711437565582e-05,0.01827124868835257,0.0,0.0,0.0002557712486883526,5.902413431269675e-05,0.02343258132214061,0.016598898216159497,0.0,0.0,0.20837486883525708,0.0,1.3116474291710388e-05,0.0,0.02882345225603358,0.0,0.01382476390346275,0.0,0.0,0.0,9.837355718782791e-05,0.0,0.0014821615949632738,0.0,0.0,0.0,0.0,0.0,0.0,0.0,0.0,0.0,1.9674711437565582e-05,0.0,0.0,0.0,0.0,0.0001114900314795383,9.837355718782791e-05,0.0,0.0,0.002833158447009444,0.0,0.0,3.279118572927597e-05,0.0,0.0,0.0,0.0,0.0,0.0,0.0,0.0,0.0,0.0,0.0,0.0,0.0,0.0,0.0,0.0,0.0,0.0,0.0,0.0,0.0,0.0,0.0,0.0,0.023865424973767053,0.0,0.0,0.000642707240293809,0.0,0.0,0.0,0.0,0.0043481112277019935,0.0009312696747114375,0.009096274921301155,0.0,0.0,6.558237145855194e-05,0.0,0.1767116998950682,0.0,0.0,0.0,4.590766002098636e-05,0.0,0.0,0.0,0.0,0.0,0.0,0.0,0.0,0.0,0.0,0.0,0.0,0.0,0.0,0.0,0.0,0.0,0.0,0.0,0.0,0.0,0.0,0.0,7.214060860440713e-05
S111/8449,0.0,0.00014096287037994193,0.0,0.0,0.0,0.0008551747469716476,4.698762345998064e-05,0.0,0.0,0.0,1.8795049383992256e-05,1.8795049383992256e-05,0.0,0.0,0.00018795049383992256,0.0,0.0,0.0018889024630912219,0.0023023935495390512,0.0,0.0,0.0,0.0,0.00025373316668389544,0.0009115598951236245,0.0,1.8795049383992256e-05,0.0,0.0,0.18561990771630751,0.0,0.0,0.04262717200289444,0.0,0.0,0.0,0.021680089464435066,9.397524691996128e-05,0.0,0.0,0.0019734801853191868,0.008476567272180508,0.0,1.8795049383992256e-05,0.0004980688086757948,0.0005168638580597871,0.0,0.0,0.0012122806852675006,0.0,0.0023775737470750203,0.0,0.0,0.0,0.0,0.0,0.0,0.0,0.0,0.0,0.0,7.518019753596902e-05,0.0,0.0,0.0,0.0,0.0,0.0005356589074437794,0.0,0.0,0.0,0.0,0.0,0.0,0.0,0.0,3.759009876798451e-05,0.01904878255067615,0.00025373316668389544,0.0,0.00012216782099594968,0.0,0.0,0.0,0.0,0.0,0.0,0.0,0.0,0.0,0.043313191305410156,0.0,0.0,0.002903835129826804,0.0,0.005356589074437793,0.0066910375807012435,0.028408717143904295,0.0,0.0002725282160678877,0.02660439240304104,0.0,0.0,0.0,0.0,0.0565449060717407,0.0,0.0034019039385025985,0.0,0.0002349381172999032,0.0,0.0,0.0,0.0,0.06198607286840646,0.003899972747178393,0.0,0.0,0.0,0.04898929621937582,0.002734679685370873,0.019424683538355997,0.08390110045014143,0.0,0.0,0.0,0.0,0.013194124667562564,0.0,0.0015505915741793612,0.0,0.01004595389574386,0.0,0.0,0.0,0.0,0.0,0.00038529851237184125,0.00031951583952786837,0.0,0.0,0.0,0.0,0.0,0.0,0.0,0.0,0.0008645722716636438,0.0,0.0,0.0,0.0,8.457772222796515e-05,0.0,0.00031011831483587223,0.0,0.0,0.0,0.0,0.0,0.0,0.0,0.0,0.0,0.0,0.022093580550882896,2.8192574075988383e-05,0.0007799945494356786,0.0,0.0,0.0,0.0,0.0,0.0,0.0,0.0,0.0,0.0,0.0,0.0,0.0,0.0,0.0,0.0,0.018748061760532276,0.0,0.0,0.0,0.0,0.0,0.0,0.0,0.0,0.009303549445076166,0.003392506413810602,0.0,0.0,0.0,0.0,0.23068103861442896,0.0,0.0,0.0,0.00012216782099594968,0.0,0.0,0.0,0.0,0.0,0.0,0.0,0.0,0.0010055351420435858,0.0,0.0,0.0,0.0,0.0,0.0,0.0,0.0,0.0,0.0,0.0005074663333677909,0.0,0.0,0.0,0.0001033727716119574
S112/8459,0.0,0.0,0.0,0.0,0.0,0.0006645016773308469,0.0,0.0,0.0,0.0,0.0,0.0,0.0,0.0,0.00019291984180572972,0.0,0.0,0.0,0.00018220207281652252,0.0,3.215330696762162e-05,0.002164989335819856,0.0,0.0,0.0,0.00020363761079493693,0.0,0.0,0.0,0.2120832127584322,0.0,0.0,0.0055946754123661615,0.0,0.0,0.0,0.15231021510562362,0.010557002454369099,0.00023579091776255854,0.0,0.03595811495879018,0.0,0.0,0.0049730448109921435,0.0019399161870465044,0.004705100586261964,0.0,0.0,0.02028873669656924,0.0,0.0,0.0,0.0,0.0,0.00038583968361145945,0.0,0.0,0.0,0.0,0.0,0.0,6.430661393524324e-05,0.0,0.0,8.574215191365766e-05,0.0,0.0,0.0,0.0,0.0,0.0,0.0,0.0,0.0,0.00030009753169780176,8.574215191365766e-05,0.00036440414563304504,0.011564472739354577,0.03917344565555234,0.0,0.05247419697115848,0.0,0.0,0.0,0.00039655745260066665,0.0,0.0,0.0,0.0,0.0,0.09047940580688724,0.0,0.0006001950633956035,0.005444626646517261,0.0,0.004769407200197207,0.0006752194463200541,0.007255929605693279,0.0,0.01688048615800135,0.0015219231964674234,0.0,0.0,0.0,0.0,0.006580710159373225,0.0,0.010621309068304342,0.0013718744306185225,0.0,0.0,0.00026794422473018015,0.0,0.0,0.023321865320514883,0.010557002454369099,9.645992090286486e-05,0.0,0.0,0.024725893058101026,0.0,0.03758721584514967,0.06623581235330053,0.0,0.0,0.0021006827218846124,0.0,0.0004822996045143243,0.0,0.00040727522158987386,0.0,0.046247173188429094,0.0,0.0,0.0,0.0006645016773308469,8.574215191365766e-05,0.0031831773897945405,0.0005251706804711531,0.0,0.0,0.0,0.0,0.0,0.0,0.0,0.0,0.0,0.0,0.0,0.0,0.0,0.0024543690985284502,0.00034296860765463063,0.0006859372153092613,0.0,0.00310815300687009,0.0,0.0,0.0,0.0,0.0,0.0,0.0,0.0,0.0,0.0,0.00010717768989207207,0.0,0.0,0.0,0.02363268062120189,0.0,0.0,0.0,0.0,0.0,0.0,0.0,0.0,0.0,0.0,0.0,0.0,0.03829458859843735,0.0,0.0,0.0,0.0,0.0,0.00025722645574097295,0.0,0.0,0.004962327042002937,0.003472557152503135,2.1435537978414415e-05,0.0,0.0,0.0,0.002175707104809063,0.0,0.0,0.0,0.00013933099685969368,0.0,0.0,0.0,0.0,0.0,0.0,0.0,0.0,0.0,0.0,0.0,0.0,0.0,6.430661393524324e-05,0.0,0.0,0.0,0.0,0.0,0.0,0.0,0.0,0.0,0.0006109128323848107
S115/8234,0.0,0.0,0.0,0.0,0.0,0.0017674172350431343,0.0,9.34317481080071e-05,0.000552804509639042,0.0,0.0,0.0,0.0,0.0,0.01212276931701392,0.0,0.0,0.00010900370612600828,0.000763025942882058,0.0018608489831511415,0.0,0.0014793360117101124,0.0,0.0,0.0,2.3357937027001774e-05,0.0,0.0,0.0,0.2680634713008814,0.0,0.0,0.0486234389112087,0.0,0.0,1.5571958018001183e-05,0.2028247531844654,0.010184060543772773,0.0,0.0,0.04012114983338005,5.450185306300414e-05,0.0,0.0,0.005403469432246411,0.0051932479990033946,0.0,0.0,0.0,0.0,0.0,3.1143916036002365e-05,0.0,0.0,0.0,0.0,0.0,0.0,0.0,0.0,0.0,0.0,0.0,0.0,0.0,0.0,0.0,0.0,0.0,0.0002802952443240213,0.0,0.0,0.0,0.0,0.0002802952443240213,7.785979009000591e-05,2.3357937027001774e-05,0.008852658133233673,0.00014793360117101124,0.0,0.0004593727615310349,8.564576909900651e-05,0.0,0.00021800741225201656,0.0,0.00012457566414400946,0.0,0.0,0.0,0.0,0.03985642654707403,0.0003503690554050266,0.0005761624466660437,0.021427014232769628,0.0,0.0005761624466660437,0.009094023482512691,0.008330997539630633,0.0,0.0,0.011359743374131863,0.0,0.0,0.0,0.0,0.02999937712167928,0.0,0.0014092622006291072,0.0,0.0,0.0,0.0003737269924320284,0.0,0.0,0.028527827088978167,0.0006773801737830515,0.0,0.0,0.0,0.06932635709614127,0.0078871967361176,0.029586720234202248,0.015828895325298204,0.0,0.0,0.0015961256968451212,0.0,0.0,0.0,0.004414650098103335,0.0,0.04488616898688841,0.0,0.0,0.0,0.0001790775172070136,0.0,0.0010511071662150798,0.0,0.0,0.0,0.0,3.1143916036002365e-05,4.671587405400355e-05,0.0,0.0,0.0,7.785979009000591e-05,0.0,0.0,0.0,0.0,8.564576909900651e-05,7.785979009000591e-05,0.0002725092653150207,0.0,0.0038618455884642934,0.0,0.0,0.000381512971441029,0.0,0.0,0.0,7.007381108100533e-05,0.0,0.0,0.00012457566414400946,0.0003036531813510231,0.0,0.0,0.0,3.1143916036002365e-05,0.0,0.0,0.0,0.0,0.0,0.0,0.0,0.0,0.0,0.0,0.0,0.0,0.025592513002584943,0.0,0.0,0.0,0.0,0.0,7.007381108100533e-05,0.0,0.0,0.00316110747765424,0.027990594537357128,0.0,0.0,0.0,0.0,0.0,0.0,0.0,0.0,0.0003581550344140272,0.0,0.0,0.0,0.0,0.0,0.0,0.0,0.0,0.0,0.0,0.0,0.0,0.0,0.0,0.0,0.0,0.0,1.5571958018001183e-05,0.0,0.0,0.0,0.0,0.0,0.0002958672023420225
S118/8490,0.0,0.0,0.0,0.0,0.0,0.0002784939049619657,0.0,0.0,0.0,0.0,0.0,0.0,0.0,0.0,0.0,0.0,2.387090613959706e-05,0.0,0.0,0.00010344059327158725,0.0,0.009317610363156053,0.0004455902479391451,0.0,0.001655049492345396,0.0,3.9784843565995096e-05,0.0,0.0,0.10517521245106465,0.0,0.0,0.0023075209268277157,0.0,0.0,0.0,0.4607641872752156,0.0,4.774181227919412e-05,0.0,0.002395047582672905,0.0,0.0,0.0,0.00010344059327158725,9.548362455838824e-05,0.0010662338075686686,0.0,0.0,0.0,0.10247780005729018,1.591393742639804e-05,0.0,0.0,0.0,0.0,0.0,0.0,0.0,0.0,0.0,6.365574970559216e-05,0.0,0.0,0.0,0.0,0.0,0.0002387090613959706,0.0,0.0,0.0,0.0,0.0,0.0,0.003548808046086763,0.0010105350265762756,0.0,0.0017346191794773863,8.752665584518922e-05,0.0,1.591393742639804e-05,0.0,0.0,0.0,5.569878099239314e-05,0.0,0.0,0.0,0.0,0.0,0.016455011298895574,0.0,8.752665584518922e-05,0.011617174321270568,0.0,0.0001989242178299755,0.0039943982940259075,0.0017425761481905853,0.0,0.00014322543683758235,0.004503644291670645,0.0,0.0,0.0,0.0,0.013375664406887552,0.0,0.011633088258696966,0.0,8.752665584518922e-05,0.0,0.0,0.0,0.0,0.004424074604538655,0.00014322543683758235,0.0009070944333046882,0.0,0.0,0.049006970304592765,0.005641490817658105,0.006508800407396798,0.0013447277125306343,0.0,0.0,0.031764219103090484,1.591393742639804e-05,0.0,0.0,0.0013685986186702313,0.0,0.07450905503039562,0.0,0.0,0.0,0.0005012890289315383,0.0,0.0002387090613959706,0.00022279512396957256,0.0,0.0,0.0,0.0,0.0,0.0,0.0,0.0,0.0,0.0,0.0,0.0008434386835990961,0.009452878831280435,0.0,0.0,0.0002466660301091696,0.0,0.00026257996753556765,0.0,0.0,0.0,0.0,0.0,0.0,0.0,0.0,0.0,0.00021483815525637353,0.0003501066233807569,0.0,0.0,0.0,0.0,0.0,0.0,0.0,0.0,0.0,0.0,0.0,0.0,0.0,0.0,0.0,0.0,0.03556765014799962,0.0,0.0,0.0,0.0,0.0,0.0002864508736751647,0.0,0.00012731149941118432,0.0,0.0003660205608071549,0.0,0.0,0.0,0.0,0.016415226455329578,0.0,0.0,0.0,0.0017584900856169833,0.0,0.0,0.0,0.0,0.0,0.0,0.0,0.0,0.0,0.0,0.0,0.0,0.0,0.00015913937426398038,0.0,0.0,0.0,0.0,0.0,0.0,0.0,0.0,0.0,0.0004455902479391451
S120/8477,0.0,0.0026373684629045512,0.0,0.0,0.0,0.0004903649905902935,7.951864712275029e-05,0.0,0.0,0.0,0.0,0.0,0.0,0.0,0.0,0.0002518090492220426,0.0,0.001948206854507382,0.002133750364460466,0.0,0.0,0.013902510138627509,0.0,0.0,0.002875924404272802,0.0,0.0,0.0023988125215363004,0.0,0.07810056458239457,3.9759323561375145e-05,0.0,0.07041376202719538,3.9759323561375145e-05,0.0,0.0,0.07033424338007263,0.007898852280859861,0.010894054655816788,0.0,0.059970313038407504,0.00011927797068412542,0.0,0.0,0.002981949267103136,0.003856654385453389,0.006467516632650356,0.0,0.0008216926869350862,0.0,0.038937630874440056,0.0,0.0,0.0,0.0,0.0,0.0,0.0,0.0,0.0,0.0,0.00015903729424550058,0.0,0.0,0.0,0.0,3.9759323561375145e-05,0.0,0.0,0.0,0.0,0.0,0.0,0.0,0.0,0.0,0.00139157632464813,0.034246030694197786,0.0009542237654730034,0.0,0.04808227529355634,0.00021204972566066742,0.0,0.0,0.002080737933045299,0.0,0.0004108463434675431,0.0,0.0,0.0,0.015506136188936306,2.6506215707583428e-05,0.0,0.02328571049911204,0.03029660455376786,0.004201235189651973,0.0021072441487528827,0.0035518329048161794,0.0,0.000556630529859252,0.0,0.0,0.0,0.0,0.0,0.013425398255891006,0.0003843401277599597,0.00471810639594985,0.00033132769634479283,0.0005963898534206271,0.0,0.000278315264929626,0.0,0.0,0.05782330956609325,0.06012935033265301,0.0,0.0,0.0,0.02752670501232539,0.001948206854507382,0.06763060937789912,0.028109841757892225,0.0,0.0,0.06833302409415008,0.0,0.03239059559466695,0.0,0.014167572295703342,0.0,0.00043735255917512657,0.0,0.0,0.0,0.00010602486283033371,0.0,0.002822911972857635,0.000649402284835794,0.0,0.0,0.0,0.0,0.0,0.0,0.0,0.0,0.0005168712062978768,0.0,0.0,7.951864712275029e-05,0.008256686192912237,0.0,0.0007024147162509608,0.00026506215707583426,0.0,0.013703713520820632,6.626553926895857e-05,0.0,0.0,0.0,0.0008747051183502531,3.9759323561375145e-05,0.0,0.005460280435762186,0.01113261059718504,0.0,0.0009542237654730034,0.0,0.0,0.0,0.0,0.0,0.0,0.0,0.0,0.0,0.0,0.0,0.0,0.0,0.0,0.0,0.0,0.00849524213428049,0.0,0.0,0.0,0.0,0.0,0.0,0.0,0.0,0.0033132769634479286,0.015082036737614971,0.0,0.0,0.0,0.0,0.004108463434675432,0.0,0.0,0.0,0.0,0.0,0.0,0.0,0.0,0.0,0.0,0.0,0.0,0.000371087019906168,0.0,0.0,0.0,0.0,6.626553926895857e-05,0.0,0.0,0.0,0.0,0.0,0.0,0.0,0.0,0.0,0.0
S122/8134,0.0,0.0,0.0,0.0,0.0,0.0009424083769633508,0.0,0.0,0.0,0.0,0.0,0.0009424083769633508,0.0,0.0,0.006178010471204189,0.0,0.0,0.0006282722513089005,0.0013612565445026178,0.0,0.0,0.0017801047120418849,0.0,0.0,0.0,0.0,0.006701570680628272,0.006910994764397905,0.0,0.03926701570680628,0.0,0.0,0.003769633507853403,0.0,0.0,0.0014659685863874345,0.14136125654450263,0.0018848167539267015,0.0032460732984293194,0.0,0.012041884816753926,0.009319371727748691,0.0,0.0014659685863874345,0.0,0.0006282722513089005,0.023455497382198952,0.0024083769633507853,0.0,0.0,0.010575916230366493,0.0,0.000418848167539267,0.0,0.00806282722513089,0.0,0.0,0.0,0.0,0.0,0.0,0.0013612565445026178,0.0,0.0005235602094240838,0.0,0.0,0.0,0.0,0.0,0.0,0.0,0.0,0.0,0.0,0.007958115183246073,0.0,0.0,0.05120418848167539,0.04073298429319372,0.0,0.006387434554973822,0.0,0.0,0.0002094240837696335,0.0,0.0,0.0002094240837696335,0.0,0.0,0.0,0.06335078534031413,0.0015706806282722514,0.0,0.006387434554973822,0.005130890052356021,0.0,0.018010471204188482,0.003350785340314136,0.0,0.0,0.0036649214659685864,0.0,0.0,0.0,0.0028272251308900523,0.015916230366492146,0.0,0.008272251308900523,0.0,0.0,0.0,0.0005235602094240838,0.0,0.0,0.09015706806282722,0.04408376963350785,0.0,0.0,0.0,0.037591623036649216,0.0034554973821989527,0.04858638743455498,0.019267015706806282,0.0,0.0,0.0,0.006178010471204189,0.009947643979057591,0.0,0.0,0.0,0.037591623036649216,0.0,0.0,0.0,0.010261780104712043,0.0,0.0048167539267015705,0.0,0.0,0.0,0.0,0.0,0.0,0.0,0.0,0.0,0.0006282722513089005,0.0,0.0,0.0,0.015392670157068062,0.0,0.0,0.0,0.0,0.0034554973821989527,0.0,0.0,0.0,0.0,0.0,0.0015706806282722514,0.0,0.03664921465968586,0.002617801047120419,0.0,0.0005235602094240838,0.0,0.04104712041884817,0.0,0.001256544502617801,0.0,0.0,0.0,0.0,0.0,0.0,0.0,0.0,0.0,0.0,0.0,0.0,0.008900523560209424,0.0,0.0,0.0,0.0,0.0,0.004293193717277487,0.0,0.0,0.0010471204188481676,0.0045026178010471206,0.0,0.0,0.006178010471204189,0.0,0.001675392670157068,0.0,0.0,0.0,0.004397905759162304,0.0,0.0,0.0,0.0,0.0,0.0,0.0,0.0,0.0,0.0,0.0,0.0,0.0,0.0,0.0,0.0,0.0,0.0,0.0,0.009319371727748691,0.001256544502617801,0.0002094240837696335,0.014450261780104712,0.0062827225130890054
S123/8176,0.0,0.0,0.0,0.0,0.0,0.0008356302772546427,0.0,0.0,0.0,0.0,8.730465583257461e-05,0.0,0.0,0.0,9.977674952294241e-05,0.00012472093690367802,0.0,0.0,0.0010601279636812632,0.0024320582696217216,0.00012472093690367802,0.017174073011636464,0.0016837326481996533,0.0,0.0009354070267775851,0.0,0.0,0.0,0.0,0.2698711632721785,0.0,0.0,0.03900023696978012,0.0,0.0,0.0,0.0035296025143740878,0.00856832836528268,0.0,0.0,0.14763217301288367,0.0,0.0,0.0,0.0,0.013357612342383916,0.0,0.0,0.0,0.0,0.0,0.0,0.0,0.0,0.00012472093690367802,0.0,0.0,0.0,0.0008855186520161139,0.002369697801169882,0.0,0.00011224884321331022,0.0,0.0,0.00011224884321331022,0.0,0.0,3.7416281071103406e-05,0.0,0.0,6.236046845183901e-05,0.0,0.0,0.00013719303059404582,0.0030057745793786402,0.0,0.001010239588919792,0.008880130707541876,7.483256214220681e-05,0.0,0.0003118023422591951,0.0005861884034472867,0.0,0.0,0.0,0.0,0.0,0.0,0.00016213721797478142,0.0,0.019443994063283402,0.0,0.00048641165392434427,0.06458050112872447,0.0,0.0,0.024869354818593398,0.010414198231457115,0.0,0.0032926327342570998,0.00017460931166514922,0.0,0.0,0.0,0.0,0.0019207024283166415,0.0,0.03318824131006872,0.0,0.0,0.0,0.0,0.0,4.9888374761471205e-05,0.017797677696154854,0.00039910699809176964,0.0,0.0,0.0,0.011736240162636101,0.0014342907743922972,0.022724154703850134,0.016363386921762556,0.0,0.0,0.015702365956173064,0.0,9.977674952294241e-05,0.0,0.00043652327916287307,0.0,0.005836939847092131,0.0,0.0,0.0,0.00021202559273625262,0.0,0.0028186931740231233,2.4944187380735603e-05,0.0,8.730465583257461e-05,0.00023696978011698825,0.0,8.730465583257461e-05,0.0,0.0,0.0,0.0070592050287481755,0.0,0.0,0.0,0.0,0.00016213721797478142,0.0,8.730465583257461e-05,0.0,0.013345140248693549,0.0,0.0,0.0,0.0,0.0,0.0,4.9888374761471205e-05,0.00017460931166514922,0.0,0.00037416281071103404,0.0007857419024931715,0.0,0.00016213721797478142,0.0,0.0,0.0,0.0,0.0,4.9888374761471205e-05,0.0,0.0,0.0,0.0,0.0,0.0,2.4944187380735603e-05,0.0,0.008817770239090037,0.0,0.0,0.00037416281071103404,0.0,0.0,0.00014966512428441362,0.0,0.0,0.00238216989486025,0.014829319397847316,3.7416281071103406e-05,0.0,3.7416281071103406e-05,0.0,0.028436373614038588,0.0,0.0,0.0,0.00021202559273625262,0.0,0.0,0.0,0.0,0.0,0.0,0.0,0.0,0.0,0.0,0.0,0.0,0.0,8.730465583257461e-05,0.0,0.0,0.0,0.0,0.0,0.0,0.0,0.0,0.0,0.1435537983761334
S125/8210,0.0,0.0,0.0,0.0,0.0,0.0003008620351354533,0.0,5.232383219747014e-05,0.0,0.0,0.0,0.0,0.0,0.0,0.001072638560048138,0.0,0.0,0.0,0.0,0.0,0.0,0.0,0.00023545724488861563,0.0,0.000706371734665847,0.0,0.0,0.0,0.0,0.17215848888772614,0.0,0.0,0.016861354925634755,0.0,0.0,0.0,0.2770939343597525,0.0,0.0,0.0,0.026096511308488234,0.0,0.0,0.0,0.0,0.005742540583672348,0.0035056967572304996,0.0,0.0,0.0,0.0,0.0,0.0,0.0,0.0,0.0,0.0,0.0,0.0,0.0,0.0,0.0,0.0,0.0,0.0,0.0019359817913063952,0.0,0.0004970764058759663,0.0,0.0,0.0,0.0,0.0,0.0,0.006134969325153374,0.00011772862244430782,0.0,0.007469227046188863,0.0,0.0,0.0,0.0,0.0,0.00017005245464177796,0.00011772862244430782,0.0001438905385430429,0.0,0.0,0.0,0.0,0.049432940468559915,0.0,0.0,0.01608957840072207,0.0,0.004983845016809031,0.007874736745719256,7.848574829620521e-05,0.0,0.021688228445851374,0.022656219341504573,0.0,0.0,0.0,0.0,0.12020092351563828,0.0,0.003414130050884927,0.0,0.0,0.0,0.00045783353172786377,0.0,0.0,0.009706070872630711,0.0033879681347861916,0.0,0.0,0.0,0.03126348973798841,0.0,0.012466153021047262,0.010190066320457311,0.0,0.0,0.06413593731604902,0.0,0.0038458016665140556,0.0,0.009810718537025651,0.0,0.07529399453215954,0.0,2.616191609873507e-05,0.0,0.004447525736784962,0.0,9.156670634557275e-05,0.0,0.0,5.232383219747014e-05,0.0,0.0,0.0,0.0,0.0,0.0,0.0001831334126911455,0.0,0.0,0.0,0.001438905385430429,0.0,0.0,0.0,0.0,0.0009549099376038301,0.0,0.0,0.0,0.0,0.00013080958049367536,0.0,0.0,0.0,0.0,5.232383219747014e-05,0.0003270239512341884,0.0,0.0,0.0,0.0,0.0,0.0,0.0,0.0,0.0,0.0,2.616191609873507e-05,0.0,0.0,0.0,0.0,0.0,0.0,0.0,0.0,0.0,0.0,0.0,0.0,0.0,0.0,0.0,0.0,0.0,0.0,0.0,0.0,0.0039896922050570984,0.0,0.0,0.0,0.0006671288605177443,0.0,0.0,0.0,0.0,0.0,0.0,0.0,0.0,0.0,0.0,0.0,0.0,0.0,0.0,0.0,0.0,0.0,0.0,0.0,0.0,0.0,0.0,0.0,0.00022237628683924811
S127/8112,0.0,0.010658257784785179,0.0,4.729996058336618e-05,0.0,0.0016397319668900276,7.883326763894364e-05,0.0002995664170279858,0.0,0.0,0.0,0.0,0.0,0.0,0.0,0.0,0.0,0.0,0.04006306661411115,0.017374852187623177,4.729996058336618e-05,0.01821048482459598,0.0,0.0005833661805281829,0.0,0.0,0.0,0.0,0.0,0.09770595191170674,0.0,0.0,0.002822230981474182,3.1533307055577455e-05,0.0,0.0,0.00173433188805676,0.0,0.00018919984233346473,0.0,0.0018762317698068586,9.459992116673236e-05,0.00045723295230587306,0.0,0.0013716988569176193,0.01646038628301143,0.0,0.0,0.0,0.0,0.00011036657469452109,0.0,0.0,0.0,0.00014189988175009855,0.0,0.0,0.0,0.0,0.0,0.0,9.459992116673236e-05,0.0,0.0,0.0003626330311391407,0.0,0.0,0.0,0.0,0.0,3.1533307055577455e-05,0.0,0.0,0.0,0.0026960977532518725,0.0004729996058336618,0.0009302325581395349,0.21474182104848247,0.010059124950729208,0.0,0.020953882538431216,0.001103665746945211,0.0,0.0,0.007457627118644068,0.0,0.0,0.0,0.00025226645644461964,0.004919195900670083,0.002207331493890422,0.0,9.459992116673236e-05,0.011966890027591643,0.0,0.0,0.00742609381158849,0.00037839968466692945,0.0,0.0,0.00033109972408356325,0.0,0.0,0.0,0.0,0.0010248324793062672,0.0,0.021631848640126135,0.0,0.0,0.0,0.0,0.0,0.0,0.011903823413480489,0.011683090264091447,0.0,0.0,0.0,0.006054394954670871,0.006275128104059913,0.21595585337012219,0.04829325975561687,0.0,4.729996058336618e-05,0.0003626330311391407,0.0,0.0,0.0,0.0,0.0,0.0014662987780843515,7.883326763894364e-05,0.0,0.0,0.001150965707528577,0.0,0.004398896334253055,0.0,0.0,0.0,0.0,0.0,0.0,0.0,0.0,0.0,0.005029562475364604,0.0,0.0,0.0,0.0,0.0,0.0,0.0,0.0,0.0005991328340559716,0.00015766653527788727,0.0,0.0,0.0,0.00018919984233346473,0.00026803310997240834,0.0,0.003579030350808041,0.0012613322822230982,0.0,0.00012613322822230982,0.0,0.0,0.0,0.00015766653527788727,0.0,0.0,0.0,0.0,0.0,0.0,0.0,0.0,0.0,0.0,0.0,0.0,0.02330311391407174,0.0,0.0,0.0,0.0,0.0,0.0007883326763894363,0.0,0.001434765471028774,0.013606621994481672,0.000346866377611352,0.0,0.0,0.0,0.0,0.059913283405597165,0.0,0.0,0.0,0.000693732755222704,0.0,0.0,0.0,0.0,0.0,0.0,0.0,0.0,0.0,0.0,0.0,0.010800157666535278,0.0,0.0,0.0,0.0,0.0,0.0,0.0,0.0006148994875837604,0.00011036657469452109,0.0,0.0,0.04821442648797793
S128/8202,3.7475640833458255e-05,0.0,0.0,0.0,0.0,0.000580872432918603,0.0,0.00012179583270873932,0.0,0.0,3.7475640833458255e-05,0.0,0.0001030580122920102,0.0,0.00015927147354219756,0.0,0.0,0.0,0.00014053365312546845,0.00039349422875131166,0.0,0.0,0.0007120371758357068,0.0,0.0,0.0,0.0,0.0,0.0,0.07145667815919653,0.0,0.0,0.0022391695397991304,0.0,0.0,0.0,0.014793509219007645,0.0064832858641882775,0.002351596462299505,0.0,0.03645442962074651,0.0019581022335481936,0.0,0.0,0.022344850846949482,0.002613925948133713,0.0023328586418827763,0.0,0.0009556288412531854,0.0,0.0,0.0,0.0,0.0,2.8106730625093688e-05,0.0,0.0,1.8737820416729128e-05,0.0,0.0,0.0,0.0,0.0,0.0,0.0,0.0,0.0,0.0,0.0,0.0,0.0,0.0,0.0,0.0,0.0003747564083345825,0.0,0.0007401439064608005,0.0160208364563034,0.01677971818318093,0.0,0.0012929096087543096,0.00014990256333383302,0.0,0.0,0.0,0.0,0.0005246589716684155,0.0,0.0,4.6844551041822816e-05,0.04931794333683106,0.0,0.0,0.04070791485534403,0.0,0.00024359166541747864,0.04309698695847699,0.004468970169389896,0.0,0.0,0.0,0.0,0.0,0.0,0.0,0.02297256783090991,0.0,0.0301397841403088,0.0007214060860440713,0.0,0.0,0.0,0.0,0.0,0.11139634237745466,0.040042722230550144,0.0,0.0,0.0,0.12789499325438464,6.558237145855194e-05,0.020143156947983812,0.0323602158596912,0.0,0.0,0.035292684754909306,0.0,0.004712561834807375,0.0,0.0,0.002960575625843202,0.09141245690301304,0.0,0.0,0.0,0.00027169839604257234,0.0,0.0011430070454204768,0.0,0.0,0.0,0.0,0.0,0.0,0.0,0.0,0.0,0.00016864038375056213,0.0,0.0,0.0,0.0,3.7475640833458255e-05,0.0004778144206265927,0.0005433967920851447,0.0,0.0037007195323040024,0.00014053365312546845,0.0,0.0,0.0,0.0,3.7475640833458255e-05,0.0,0.0,0.0,0.00024359166541747864,0.0002810673062509369,0.0,0.0,0.0,0.0,0.0,0.0,0.0,0.0,0.0,0.0,0.0,0.0,0.0,0.0,0.0,0.0,0.0003747564083345825,0.0,0.0,0.0,0.0,0.0,8.432019187528106e-05,0.0,0.0054058611902263526,0.007841777844401139,0.017051416579223506,0.0,0.0,0.0,0.0,0.0050873182431419575,0.0,0.0,0.0,0.0007588817268775296,0.0,0.0,0.0,0.0,0.0,0.0,0.0,0.0,0.0004778144206265927,0.0,0.0,0.0,0.0,0.00012179583270873932,0.0,0.0,0.0,0.0,0.0,0.09484147803927447,0.0005902413431269675,0.0,0.0,0.00012179583270873932
S129/8204,0.0,0.0,0.0,0.0,0.0,0.0006878761822871883,0.0,0.00014740203906154036,0.0,0.0,0.00015968554231666872,0.0,0.0,0.0,0.0,0.0,0.0,0.0,0.00028252057486795237,0.0007492936985628301,7.370101953077018e-05,0.009138926421815501,0.0004544896204397494,0.0,0.0,0.0,0.0,0.0,0.0,0.646407075297875,0.0,0.0,0.06360397985505466,0.0,0.0,0.0,0.01327846701879376,0.0,0.0,0.0,0.0012406338287679647,4.9134013020513454e-05,0.0,0.0,0.00011055152929615526,0.00011055152929615526,0.0,0.0,0.0,0.0,0.0,0.0,0.0,0.0,9.826802604102691e-05,0.0,0.0,0.0,0.0,0.0,0.0,0.00019653605208205382,0.0,0.0,0.0,0.0,0.0,0.0,0.0,0.0,0.0,0.0,0.0,0.0,0.0010932317897064242,0.0,0.0,0.0021373295663923353,0.00022110305859231053,0.0,9.826802604102691e-05,0.0,0.0,0.0,0.0,0.0,0.0,0.0,0.0,7.370101953077018e-05,0.031679154894976046,0.0,0.0,0.018204151824100234,0.0,0.009495148016214225,0.0013020513450436064,0.00023338656184743889,0.0,0.0,0.00031937108463333744,0.0,0.0,0.0,0.0,0.0,0.0,0.030192851001105515,0.0,0.0,0.0,0.00017196904557179707,0.0,0.0,0.0023215821152192603,0.0010195307701756542,0.0,0.0,0.0,0.03312860827908119,0.0,0.010834049871023215,0.0017565409654833558,0.0,0.0,0.0,0.0,3.685050976538509e-05,0.0,0.0,0.0,0.07560496253531507,0.0,2.4567006510256727e-05,0.0,0.000982680260410269,0.0,0.0,0.0017811079719936126,0.0,0.0,0.0,0.0,0.0,0.0,0.0,0.0,0.0,0.0,0.0,0.0,0.0,0.00135118535806412,0.00027023707161282396,0.0008229947180936003,0.0,0.0009335462473897555,0.0,0.0,0.0,0.0,0.00017196904557179707,0.00015968554231666872,0.0,0.0,0.0,0.00019653605208205382,0.0006387421692666749,0.0,0.0,0.0,0.0,2.4567006510256727e-05,0.0,0.0,0.0,0.0,0.0,4.9134013020513454e-05,0.0,0.0,0.0,0.0,0.0,0.0,0.0,0.0,0.0,0.0,0.0,0.0006018916595012897,0.0,3.685050976538509e-05,0.01553863161773738,0.0,0.0,0.0,0.0,0.0,0.01747942513204766,0.0,0.0,0.0,0.0015354379068910453,0.0,0.0,0.0,0.0,0.0,0.0,0.0,0.0,0.0,0.0,0.0,0.0,0.0,0.0,0.0,0.0,0.0,0.0,0.0,0.0,0.0,0.0,0.0,0.0006878761822871883
S130/8507,0.0,0.0,0.0,0.0,0.0,0.0,0.0,0.00030796605529701616,0.0,0.0,0.0002053107035313441,0.0,0.0,0.0,0.0002737476047084588,0.0,0.0,0.0,0.00010265535176567205,0.0,0.0,0.001574048727073638,0.0,0.0,0.0,0.0,0.0,0.00044483985765124553,0.0,0.060737749794689294,0.0,0.0,0.005406515192992061,0.0,0.0,0.0,0.45534492198193266,0.0,0.0010265535176567206,0.0,0.0160484533260334,0.000992335067068163,0.0,0.0020873254859019984,0.0035587188612099642,0.00116342732001095,0.0002053107035313441,0.0,0.000581713660005475,0.0,0.07675198467013414,0.0003764029564741309,0.0,0.0,0.0008554612647139338,0.0,0.0,0.0,0.0,0.0,0.0,0.0021899808376676703,0.0,0.0,0.0009238981658910484,0.0,0.0,0.0,0.0,0.0,0.0,0.0,0.0,0.0,0.008109772789488092,0.0,0.0,0.004859019983575144,0.0034560635094442924,0.0,0.0007528059129482617,0.0,0.0,0.0,0.0002737476047084588,0.0,0.0,6.84369011771147e-05,0.0,0.0,0.031960032849712564,0.0002053107035313441,0.0,0.003319189707090063,0.0,0.0020873254859019984,0.0022584177388447852,0.0013003011223651792,0.0,0.0011976457705995072,0.004174650971803997,0.0,0.0,0.0,0.0,0.013105666575417466,0.0,0.0017109225294278676,0.0,0.0,0.0,0.0006501505611825896,0.0,0.0,0.011702710101286614,0.003592937311798522,0.0,0.0,0.0,0.10761702710101287,0.0017451409800164248,0.007528059129482617,0.007254311524774158,0.0,0.0,0.005030112236517931,0.0,0.004037777169449767,0.0,0.0036613742129756365,0.013653161784834382,0.036237339173282236,0.0,0.0,0.0,0.011565836298932384,0.0,0.0009238981658910484,0.0,0.0,0.0,0.0,0.0,0.0,0.0,0.0,0.0,0.0008554612647139338,0.0,0.0,0.0,0.0008896797153024911,0.0,0.0,0.0,0.0,0.0009581166164796058,0.0,0.0,0.008759923350670681,0.0,0.0023952915411990143,0.0011976457705995072,0.0,0.0,0.0,0.0,0.00010265535176567205,0.0,0.0,0.0,0.000581713660005475,0.0,0.0,0.0,0.0,0.0,0.0,0.0,0.0,0.0,0.0,0.0,0.0,0.028743498494388176,0.0,0.0,0.0,0.0,0.0,0.005064330687106488,0.0002053107035313441,0.0,0.0013345195729537367,0.00400355871886121,0.00030796605529701616,0.0,0.0,0.0,0.003011223651793047,0.0008212428141253764,0.0,0.0007528059129482617,0.004551053928278127,0.0,0.0,0.0,0.0,0.0,0.0,0.0,0.0,0.0,0.0,0.0,0.0,0.0,0.000787024363536819,0.0,6.84369011771147e-05,0.0,0.0,0.0,0.0,0.0,0.0,0.0,0.009410073911853271
S131/8274,0.0,0.00013944691865886926,0.0,0.0,2.6146297248537985e-05,0.0005490722422192977,0.0,0.0,0.0,0.0,0.0,5.229259449707597e-05,0.0,0.0,0.00020917037798830388,0.0,0.0,0.00023531667523684187,0.001403184619004872,0.0,2.6146297248537985e-05,0.004715048937153017,0.0,0.0,0.0,0.0,0.0,0.016437305536914214,0.0,0.006048510096828454,0.0,0.0,0.0009238358361150088,0.0,0.0,0.0,0.40738545742947035,0.0005752185394678357,9.586975657797262e-05,0.0,0.0012114451058489266,0.0033292951829805035,0.0,0.0,0.0003050401345662765,0.00259719886002144,0.0,0.0031898482643216344,0.00402652977627485,0.0,0.05094170247256818,0.0,0.0,0.0,0.030477867159379113,0.0,0.0,0.0,0.0,0.0,0.0,0.0,0.0,0.0,0.00010458518899415194,0.0,0.0,0.00019173951315594524,0.0,0.0,0.0,0.0,0.0,0.0,0.0014467617810857685,0.00021788581040448323,7.843889174561395e-05,0.024873844115775805,0.008915887361751453,0.0,0.0005665031070516564,0.0,0.0,9.586975657797262e-05,0.0,0.0,3.4861729664717316e-05,0.0,0.0,0.0,0.011469509059691997,0.0,0.0,0.004131114965269002,0.0006187957015487323,2.6146297248537985e-05,0.0010894290520224162,0.0042792773163440505,0.0,0.0010981444844385955,0.0006187957015487323,0.0,0.0,0.0,0.0013334611596754373,0.005255405746956135,0.0,0.0021091346447153977,0.0,0.0003834790263118905,0.0,0.0003921944587280698,0.0,0.0,0.04012585084408963,0.005176966855210521,0.0,0.00020917037798830388,0.0,0.004226984721846974,0.0014119000514210512,0.019322113666669572,0.0057347545298459986,0.0,0.0,0.0002527475400692005,0.06233277264051456,0.007076931121937615,0.0,0.008506262038191026,0.0003399018642309938,0.07293073845858862,0.0,4.3577162080896643e-05,0.0,0.0,0.0,0.0012375914030974646,0.001010990160276802,0.0,0.0,0.0,0.0,0.0,0.0,0.0,0.0,0.0,2.6146297248537985e-05,0.0,0.0005490722422192977,0.002971962453917151,0.0,0.0,0.0,0.0,0.0018651025370623763,0.0,0.0,0.0,0.0,4.3577162080896643e-05,0.0,0.0,0.0018215253749814797,0.0059177786105857645,9.586975657797262e-05,0.00014816235107504859,0.0,0.0,0.0,0.0,0.0,0.0,0.0,0.0,0.0,0.0,0.0,0.0,0.0,0.0,0.007277386067509739,0.0,0.0017082247535711483,0.0,0.0,0.00029632470215009717,0.0,0.0,9.586975657797262e-05,0.0,0.0011242907816871334,0.0004444870532251458,0.009848438630282641,0.0,0.0,0.1289709688946217,0.0,6.10080269132553e-05,0.0,0.0,0.0,0.0002614629724853799,0.0,0.0,0.0,0.0,0.0,0.0,0.0,0.0008541123767855742,0.0,0.0,0.0,0.0,0.0008192506471208569,0.00022660124282066255,0.0,0.0,0.0,0.0,0.0,0.0,0.0,0.00016559321590740725,0.0,0.00023531667523684187
S149/8312,0.0,2.6958174392430145e-05,0.0,0.0,0.0007143916213993988,0.0006806939034088612,0.0,0.0,0.0,0.0,0.0,0.0,0.0,0.0,0.0,0.0,0.0,0.0009704942781274853,0.003962851635687231,0.0009098383857445173,0.0,0.003106929598727574,0.0,0.0,0.0005391634878486029,0.0,0.0,0.02918896332340374,0.0,0.005856663386755449,0.0,0.0,0.002237528474571702,0.0,0.0,0.0003706748978959145,0.3068851177398267,0.0,0.00017522813355079595,0.0,7.41349795791829e-05,0.007629163353057731,0.0,1.3479087196215073e-05,0.00139508552480826,0.0019072908382644328,2.0218630794322607e-05,0.002190351669384949,0.0016242300071439163,0.0,0.04601086414428015,0.0,0.0,0.0,0.0,0.0,0.0,0.0,0.0,0.0,0.0,0.0,0.0,0.0,0.0,0.0,0.0,0.0005863402930353556,0.0,0.0,0.0,5.391634878486029e-05,0.0,0.0,0.00010783269756972058,0.0,0.0,0.0254889538880427,0.0023184029977489926,0.0,0.0012265969348555716,2.0218630794322607e-05,0.0,0.0,0.00010109315397161304,0.0,0.00015500950275647334,0.0,0.0,0.0,0.03761339282103816,0.0,0.0,0.003443906778632951,0.00041785170308266724,0.0,0.009361226057771368,0.002062300341020906,0.0,0.004562671015918802,0.00812115003571958,0.0,0.0,0.0,0.00516922993974848,0.032895712302362885,0.0,0.002628422003261939,0.0,0.00016174904635458086,0.0,5.391634878486029e-05,0.0,0.0,0.047028535227594384,0.015096577659760881,0.0,0.0,0.0,0.031797166695871355,0.0033630322554556607,0.043072423135505265,0.008255940907681732,0.0,0.0,8.761406677539797e-05,0.0,0.0029317014651767783,0.0,0.0,0.0,0.05003437167235035,0.0,0.0,0.0,0.00011457224116782811,0.0,0.0023184029977489926,0.0007683079701842591,0.0,0.0,0.0,0.0,0.0,0.0,0.0,0.0,0.0,0.0,0.0,0.0008087452317729043,0.004144819312836135,0.0,0.0,0.0,0.0,0.0026082033724676166,0.0,8.761406677539797e-05,0.0,0.0,2.0218630794322607e-05,0.0,0.0,0.0,0.00018196767714890347,0.00011457224116782811,0.00017522813355079595,0.0,0.0,0.0,0.0,0.0,0.0,1.3479087196215073e-05,0.0,0.0,0.0,0.0,0.0,0.0,0.0,0.014348488320370945,0.0,0.0018870722074701102,0.0,0.0,0.0,0.0,0.0,0.0,0.0,0.0008357034061653345,0.0003032794619148391,0.012549030179676233,0.0,0.0,0.15387051988839315,0.0,0.04991305988758441,0.0,0.0,0.0,0.0,0.0,0.0,0.0,0.0,0.0,0.0,0.0,0.0,0.0,0.0,0.0,0.0,0.0,2.6958174392430145e-05,0.0,0.0,0.0,0.0,0.0,0.00016174904635458086,0.0,0.0,0.0,4.0437261588645215e-05
